id,title,company,location,url,date_posted,date_scraped,description_snippet,source,job_type,duration,department,relevance_score,status
732326aa38fb28ff,Front Office Quant Analyst (Fixed Income & Financing),Bruin,"London, England, UK",https://www.linkedin.com/jobs/view/4452394848,2026-08-12,2026-08-14T08:36:16.295863+00:00,nan,linkedin,internship,,,0.75,new
28f95f4907437d8f,Trading Intern - Summer 2027 (DV Commodities),DV Trading LLC,"London, England, UK",https://www.linkedin.com/jobs/view/4452719552,2026-08-12,2026-08-14T08:36:16.295905+00:00,nan,linkedin,internship,,,0.7,new
945d1c4b8f731fb0,Quantitative Trading Specialist - American Football,White Swan Data,"London, England, UK",https://www.linkedin.com/jobs/view/4450831576,nan,2026-08-14T08:36:16.295926+00:00,nan,linkedin,internship,,,0.7,new
625cf114406e3e67,Quantitative Analyst,Anson McCade,"London Area, United Kingdom",https://www.linkedin.com/jobs/view/4451203360,nan,2026-08-14T08:36:16.295940+00:00,nan,linkedin,internship,,,0.7,new
85ee8a3ec351d5c3,Trading Intern - Summer 2027 (DV Commodities),DV Trading Inc.,"London, ENG, GB",https://uk.indeed.com/viewjob?jk=6be650396efb4f6b,2026-08-12,2026-08-14T08:36:16.295977+00:00,"**About Us**:  

Founded more than 15 years ago and headquartered in Chicago, the DV Group of financial services firms has grown to more than 600 people operating throughout North America and in Europe. Since spinning out of a large brokerage firm in 2016, DV Trading has rapidly scaled as an indepen",indeed,internship,,,0.7,new
5303f722f4638db2,"Intern, Sales Operations for Event Sponosrships",International Air Transport Association (IATA),"Genève, GE, CH",https://ch.indeed.com/viewjob?jk=ce68df83f54df48e,2026-08-12,2026-08-14T08:36:16.295993+00:00,"Employment Type: Internship  

Contract Duration: 6 months extendable to 11 months


Why you will love working here


At IATA, we represent over 350 airlines worldwide, striving to make aviation safer, smarter, more sustainable, and inclusive.

* **Our Values** are not just words on a page \- they a",indeed,internship,6 months,,0.7,new
6c430ead56aa90ae,Equity Index Exotics - Trading Services - Associate,JPMorganChase,"Greater London, England, UK",https://www.linkedin.com/jobs/view/4453380368,2026-08-13,2026-08-14T08:36:16.296008+00:00,nan,linkedin,internship,,,0.7,new
9d9d04b8d9c210fa,"Specialist Credit, Discretionary Middle Office",Man Group,"London, England, UK",https://www.linkedin.com/jobs/view/4453080796,2026-08-12,2026-08-14T08:36:16.296028+00:00,nan,linkedin,internship,,,0.7,new
fad4586e7a440836,"Analyst, Product Management & Investor Relations, Systematic Credit",Ares Management,"London, England, UK",https://www.linkedin.com/jobs/view/4450823114,nan,2026-08-14T08:36:16.296040+00:00,nan,linkedin,internship,,,0.7,new
d003108ac00a19a1,Graduate Recruitment Consultant (Hedge Funds & Quant Finance),Rise Rec2Rec,"London, ENG, GB",https://uk.indeed.com/viewjob?jk=0fbf131a4a009e44,2026-08-13,2026-08-14T08:36:16.296052+00:00,"**Graduate Recruitment Consultant – Hedge Funds \& Quant Finance**

London \| Hybrid Working  
Starting Salary £37,500 \+ Uncapped Commission (Year 1 OTE £70,000\+)  
Basic Salary increase after probation

Looking to start your career in one of the most intellectually challenging and financially rew",indeed,internship,,,0.7,new
48e2c40a9aa6ca8e,Quantitative Analyst (Client Solutions),Intropic,"London Area, United Kingdom",https://www.linkedin.com/jobs/view/4450804531,nan,2026-08-14T08:36:16.296064+00:00,nan,linkedin,internship,,,0.7,new
089088353124fc0c,"Associate, Fixed Income Quant Data Operations",Fidelity Investments,"London, England, UK",https://www.linkedin.com/jobs/view/4453010755,2026-08-12,2026-08-14T08:36:16.296075+00:00,None,linkedin,internship,,,0.7,new
4e5b9a666992ffcf,Financing Quantitative Analyst,UBS,"Opfikon, Zurich, Switzerland",https://www.linkedin.com/jobs/view/4443155910,nan,2026-08-14T08:36:16.296089+00:00,nan,linkedin,internship,,,0.68,new
eb9cf1009f77a9c2,Fixed Income Analyst,"National Bank of Canada Capital Markets - London, UK","London Area, United Kingdom",https://www.linkedin.com/jobs/view/4452367866,2026-08-13,2026-08-14T08:36:16.296100+00:00,nan,linkedin,internship,,,0.65,new
d001a6003ea4c8c0,Junior Sales Trader,AEJ Consulting Ltd,"London Area, United Kingdom",https://www.linkedin.com/jobs/view/4453108374,2026-08-12,2026-08-14T08:36:16.296111+00:00,nan,linkedin,internship,,,0.65,new
696e4daac88d2c66,Sales Trader,UBS,"London, England, UK",https://www.linkedin.com/jobs/view/4452717391,2026-08-12,2026-08-14T08:36:16.296122+00:00,nan,linkedin,internship,,,0.65,new
824f866bbd6be47e,Graduate Trading Desk Operations Engineer,Quant Capital,"City Of London, England, UK",https://www.linkedin.com/jobs/view/4450143365,2026-08-12,2026-08-14T08:36:16.296135+00:00,nan,linkedin,internship,,,0.65,new
edf66903ad690ebf,FX Settlements Trade Support,Orla Rose Associates,"London Area, United Kingdom",https://www.linkedin.com/jobs/view/4453149088,2026-08-12,2026-08-14T08:36:16.296146+00:00,nan,linkedin,internship,,,0.65,new
0ec71bfbc8ab114d,Trading Associate,MFS Investment Management,"London, England, UK",https://www.linkedin.com/jobs/view/4454048905,nan,2026-08-14T08:36:16.296164+00:00,nan,linkedin,internship,,,0.65,new
2088c94c7d2c0abb,Commodities Trade Support Analyst (London),RBC,"London, England, UK",https://www.linkedin.com/jobs/view/4454042137,nan,2026-08-14T08:36:16.296176+00:00,nan,linkedin,internship,,,0.65,new
86edc0dcfcc2fda8,EMEA Rates Trader,MFS Investment Management,"London, England, UK",https://www.linkedin.com/jobs/view/4454040946,nan,2026-08-14T08:36:16.296187+00:00,nan,linkedin,internship,,,0.65,new
fb9a4b4deec59b75,6 month Internship – Credit Analyst – September 2026,MUFG,"Paris, Île-de-France, France",https://www.linkedin.com/jobs/view/4454014268,nan,2026-08-14T08:36:16.296201+00:00,nan,linkedin,internship,,,0.65,new
33f59bf9380fb974,London - Long Internship 2026 - ABS/CLO Trading,BNP Paribas,"London, ENG, GB",https://uk.indeed.com/viewjob?jk=6e5af8fef7c6af28,2026-08-13,2026-08-14T08:36:16.296213+00:00,"**Company Purpose:**


**Our company purpose is to contribute to a responsible and sustainable economy by financing and advising clients according to the highest ethical standards.**


**Our employer promise is built around three pillars:**


* Being a great place to work
* Committed to sustainabili",indeed,internship,,,0.65,new
3c64b26216ab3e57,Quant Trader,Albert Bow,"London, England, UK",https://www.linkedin.com/jobs/view/4443558653,2026-08-12,2026-08-14T08:36:16.296224+00:00,nan,linkedin,internship,,,0.65,new
a5653896c4cba69c,"Analyst/Associate, ETF Capital Markets",Dimensional Fund Advisors,"London Area, United Kingdom",https://www.linkedin.com/jobs/view/4452361822,2026-08-12,2026-08-14T08:36:16.296235+00:00,nan,linkedin,internship,,,0.65,new
3a08c44be09fe76e,AI Sales specialist,Check Point Software Technologies,"Paris, A8, FR",https://fr.indeed.com/viewjob?jk=f70c109a29db1f77,2026-08-12,2026-08-14T08:36:16.296246+00:00,"**Company Description**  

As the world’s leading vendor of Cyber Security, facing the most sophisticated threats and attacks, we’ve assembled a global team of the most driven, creative, and innovative people. At Check Point, our employees are redefining the security landscape by meeting our custome",indeed,internship,,,0.65,new
03f5a3355554036f,Stage – Sales Development Representative (SDR) – 6 mois,Orki,"Paris, Île-de-France, France",https://www.linkedin.com/jobs/view/4452756845,2026-08-13,2026-08-14T08:36:16.296266+00:00,nan,linkedin,internship,,,0.65,new
cf48660c81d0a00a,SALES DEVELOPMENT REPRESENTATIVE,STATION F,"Paris, Île-de-France, France",https://www.linkedin.com/jobs/view/4453274816,nan,2026-08-14T08:36:16.296275+00:00,nan,linkedin,internship,,,0.65,new
373b14d33761ebb5,Growth Sales AE,Alteryx,"London, ENG, GB",https://uk.indeed.com/viewjob?jk=ccb2e2398cf32e91,2026-08-13,2026-08-14T08:36:16.296282+00:00,"**Meet the Moment with Alteryx**

We're living through a once\-in\-a\-generation shift in how work gets done. Data, automation, and AI are quickly becoming the center of every business decision \- and Alteryx is leading the transformation.  



You'll be working on the challenges that sit at the hea",indeed,internship,,,0.65,new
0adb48c9e8786962,US Sales Development Representative,Connectd,"London Area, United Kingdom",https://www.linkedin.com/jobs/view/4450284468,2026-08-13,2026-08-14T08:36:16.296288+00:00,nan,linkedin,internship,,,0.65,new
fd4fc39c680eb4a7,Sales Development Representative (SDR) - London -,Club Employés,"London, England, UK",https://www.linkedin.com/jobs/view/4452943099,nan,2026-08-14T08:36:16.296297+00:00,nan,linkedin,internship,,,0.65,new
e711c048b5ca5475,Sales Development Representative (6 months track to AE),Zelt,"Greater London, England, UK",https://www.linkedin.com/jobs/view/4454309344,nan,2026-08-14T08:36:16.296303+00:00,nan,linkedin,internship,,,0.65,new
23aa0e9c837dcc2c,Sales Development Representative,BlueOptima,"London, England, UK",https://www.linkedin.com/jobs/view/4450477856,nan,2026-08-14T08:36:16.296310+00:00,nan,linkedin,internship,,,0.65,new
c9cd49f0da98f284,Graduate Sales Development Representative,BlueOptima,"London, England, UK",https://www.linkedin.com/jobs/view/4450497618,nan,2026-08-14T08:36:16.296316+00:00,nan,linkedin,internship,,,0.65,new
70d695594712ef6c,Sales Development Representative - French Speaking,Varicent,"London, England, UK",https://www.linkedin.com/jobs/view/4453252777,nan,2026-08-14T08:36:16.296322+00:00,nan,linkedin,internship,,,0.65,new
89bfc691c057c8c7,Sales Development Representative H/F,Egerie,"Paris, Île-de-France, France",https://www.linkedin.com/jobs/view/4452700048,2026-08-12,2026-08-14T08:36:16.296330+00:00,nan,linkedin,internship,,,0.65,new
487f59ce24b9501c,Digital Sharks: Sales Associate — Marketplaces (Early Careers),SharkNinja,"London, ENG, GB",https://uk.indeed.com/viewjob?jk=57c72bee18fd9488,2026-08-13,2026-08-14T08:36:16.296338+00:00,"**About Us**



SharkNinja is a global product design and technology company, with a diversified portfolio of 5\-star rated lifestyle solutions that positively impact people's lives in homes around the world. **Powered by two trusted, global brands, Shark and Ninja**, the company has a proven track ",indeed,internship,,,0.65,new
22eef83ef01b94fb,Sales Development Representative,Kody,"London, England, UK",https://www.linkedin.com/jobs/view/4453685629,2026-08-13,2026-08-14T08:36:16.296344+00:00,nan,linkedin,internship,,,0.65,new
ef09fd99938cc076,Sales Development Representative (SDR),Soapbox,"London, England, UK",https://www.linkedin.com/jobs/view/4453365704,2026-08-12,2026-08-14T08:36:16.296351+00:00,nan,linkedin,internship,,,0.65,new
970c2f8a34057ca3,Sales Development Representative,Steadman Brown,"London Area, United Kingdom",https://www.linkedin.com/jobs/view/4450127911,2026-08-12,2026-08-14T08:36:16.296357+00:00,nan,linkedin,internship,,,0.65,new
9b425bf791f06e0b,Sales Manager,Found,"London Area, United Kingdom",https://www.linkedin.com/jobs/view/4452996363,nan,2026-08-14T08:36:16.296369+00:00,nan,linkedin,internship,,,0.65,new
6088167202915c05,Sales Development Representative,Snowflake,"London, England, UK",https://www.linkedin.com/jobs/view/4435845466,nan,2026-08-14T08:36:16.296377+00:00,nan,linkedin,internship,,,0.65,new
2d0cc862058cb577,Inside Sales Representative,Flatpay,"London, England, UK",https://www.linkedin.com/jobs/view/4454000725,nan,2026-08-14T08:36:16.296384+00:00,nan,linkedin,internship,,,0.65,new
57924899c734842d,"Associate, Assistant Quantitative Specialist",Lloyds Banking Group,"London, England, UK",https://www.linkedin.com/jobs/view/4452783513,2026-08-13,2026-08-14T08:36:16.296390+00:00,nan,linkedin,internship,,,0.65,new
b6afc84088c18229,Private Credit Intern,The Carlyle Group,"City Of London, England, UK",https://www.linkedin.com/jobs/view/4451663057,2026-08-11,2026-08-14T08:36:16.296406+00:00,nan,linkedin,internship,,,0.65,new
17c27a896f1f402a,Structured Credit and Securitisation Associate,Macquarie Group,"London, England, UK",https://www.linkedin.com/jobs/view/4450820317,nan,2026-08-14T08:36:16.296413+00:00,nan,linkedin,internship,,,0.65,new
28ed24aacadb4441,Fixed Income Broker  - International Broker Company,Flynn and Chase,"London Area, United Kingdom",https://www.linkedin.com/jobs/view/4452700916,nan,2026-08-14T08:36:16.296420+00:00,nan,linkedin,internship,,,0.65,new
126fa5f4f988a0b1,Financial & Operational Restructuring - Internship Paris,Alvarez & Marsal,"Paris, Île-de-France, France",https://www.linkedin.com/jobs/view/4443791480,2026-08-12,2026-08-14T08:36:16.296427+00:00,nan,linkedin,internship,,,0.65,new
ce3896c28c25450b,"Associate, Assistant Quantitative Specialist",Lloyds Banking Group,"London, ENG, GB",https://uk.indeed.com/viewjob?jk=e5663e379ebe6b53,2026-08-12,2026-08-14T08:36:16.296438+00:00,"**End Date**

Monday 24 August 2026
**Salary Range**

£0 \- £0
**We support flexible working – click here for more information on flexible working options**

**Flexible Working Options**

Hybrid Working, Job Share
**Job Description Summary**

.
**Job Description**

**JOB TITLE** : Associate, Assista",indeed,internship,,,0.65,new
d9663ed716c54b62,Quantitative Trader — Intraday Power | Major Investment Bank | Dubai / London,Lodestone,"London, England, UK",https://www.linkedin.com/jobs/view/4450461492,2026-08-13,2026-08-14T08:36:16.296447+00:00,nan,linkedin,internship,,,0.65,new
6a89a17ec09b3f69,Associate - Transactional Credit,HSBC,"London, ENG, GB",https://uk.indeed.com/viewjob?jk=5694f2ba42bb4427,2026-08-07,2026-08-14T08:36:16.296455+00:00,"**Who is HSBC Innovation Banking?**  

HSBC Innovation Banking is the power behind the UK’s forward\-thinkers, future\-makers, and leap\-takers, helping them ignite the bold ideas that reshape our world. We offer flexible banking solutions for start\-ups, scale\-ups, growth businesses, investors and",indeed,internship,,,0.65,new
1343fc18ea0cf3e5,6 month Internship – Credit Analyst – September 2026,MUFG,"Paris, A8, FR",https://fr.indeed.com/viewjob?jk=03ff3f2c3783a103,2026-08-13,2026-08-14T08:36:16.296467+00:00,"**Do you want your voice heard and your actions to count?**

Discover your opportunity with Mitsubishi UFJ Financial Group (MUFG), one of the world’s leading financial groups. Across the globe, we’re 150,000 colleagues, striving to make a difference for every client, organization, and community we s",indeed,internship,,,0.65,new
429b766d33aee1ce,CONSULTANTS RISQUE DE CREDIT,Wise Associates,"Paris, Île-de-France, France",https://www.linkedin.com/jobs/view/4451210098,nan,2026-08-14T08:36:16.296473+00:00,nan,linkedin,internship,,,0.65,new
a6f04494f2503378,Assistant Quantity Surveyor,nan,"London, ENG, GB",https://uk.indeed.com/viewjob?jk=af04c0cfba791a78,2026-08-12,2026-08-14T08:36:16.296480+00:00,**Criterion Capital** is looking for a motivated and ambitious **Assistant Quantity Surveyor** to join our commercial team. This is an excellent opportunity for someone looking to develop their career in quantity surveying and gain hands\-on experience across a diverse range of construction projects,indeed,internship,,,0.65,new
9c8d30aeab599176,Quant Risk Business Analyst,Luxoft,"London Area, United Kingdom",https://www.linkedin.com/jobs/view/4452464935,2026-08-11,2026-08-14T08:36:16.296486+00:00,nan,linkedin,internship,,,0.65,new
79ac1309dc2c5e58,"Intern, Sales Operations for Event Sponosrships",International Air Transport Association (IATA),"Geneva, Geneva, Switzerland",https://www.linkedin.com/jobs/view/4453133848,2026-08-12,2026-08-14T08:36:16.296493+00:00,None,linkedin,internship,,,0.63,new
5096f8a257034e29,"Cross Asset Sales (9 months, starting September 2026)",BNP Paribas in Switzerland,"Lancy, Geneva, Switzerland",https://www.linkedin.com/jobs/view/4452916667,nan,2026-08-14T08:36:16.296499+00:00,None,linkedin,internship,,,0.63,new
b466c151d73f12c4,4-Months Sales Development Internship at AI Startup (ETH Spin-off),askEarth,"Zurich, Zurich, Switzerland",https://www.linkedin.com/jobs/view/4454009781,nan,2026-08-14T08:36:16.296509+00:00,nan,linkedin,internship,,,0.63,new
66ec6ec0cabc43ef,Sales Manager (f/m/d) B2B-Events,Packaging Innovations & Empack,"Geneva, Geneva, Switzerland",https://www.linkedin.com/jobs/view/4454021567,nan,2026-08-14T08:36:16.296516+00:00,nan,linkedin,internship,,,0.63,new
2e42f4e269c7e956,Sales Development Representative- DACH (m-w-d),PRIME Research Brazil,"Frankfurt, Hesse, Germany",https://www.linkedin.com/jobs/view/4452378195,2026-08-12,2026-08-14T08:36:16.296522+00:00,nan,linkedin,internship,,,0.63,new
83777804e7e7beac,Sales Consultant (m/w/d),jobcourier.ch,"Zurich, Zurich, Switzerland",https://www.linkedin.com/jobs/view/4453269916,2026-08-11,2026-08-14T08:36:16.296531+00:00,nan,linkedin,internship,,,0.63,new
cc77eb16c1087a7b,Cluster Sales Manager MICE & Groups 25hours and Mama Shelter (f/m/d),25hours Hotels,"Zurich, Zurich, Switzerland",https://www.linkedin.com/jobs/view/4450491494,nan,2026-08-14T08:36:16.296539+00:00,nan,linkedin,internship,,,0.63,new
98c910fc6156b2c8,Cluster Sales Manager MICE & Groups 25hours und Mama Shelter (w/m/d),25hours Hotels,"Zurich, Zurich, Switzerland",https://www.linkedin.com/jobs/view/4450476762,nan,2026-08-14T08:36:16.296545+00:00,nan,linkedin,internship,,,0.63,new
aa09aa56b229b016,Mid Market Inside Sales Specialist - Infrastructure Solutions (Switzerland) m/f/d,Lenovo,"Zurich, Zurich, Switzerland",https://www.linkedin.com/jobs/view/4453212480,nan,2026-08-14T08:36:16.296552+00:00,nan,linkedin,internship,,,0.63,new
d1822027e8f1b344,"Swiss Enterprise Sales - Commission Only (Zürich/Remote, Switzerland)",Molten Rock,"Zurich, Zurich, Switzerland",https://www.linkedin.com/jobs/view/4454365611,nan,2026-08-14T08:36:16.296560+00:00,nan,linkedin,internship,,,0.63,new
4c1111599b529dda,"Internship Revenue Management Pricing Internship start: November 2026, duration: 6 months",Lufthansa,"Frankfurt, Hesse, Germany",https://www.linkedin.com/jobs/view/4450480542,nan,2026-08-14T08:36:16.296570+00:00,None,linkedin,internship,,,0.63,new
230e6ab5cc86067b,PGIM Private Credit | Investment Analyst,PGIM,"Frankfurt, Hesse, Germany",https://www.linkedin.com/jobs/view/4452935232,nan,2026-08-14T08:36:16.296576+00:00,nan,linkedin,internship,,,0.63,new
59f9857bfaffb63b,Investment Solutions Sales – Zürich Area,Lynceus Partners,"Zurich, Zurich, Switzerland",https://www.linkedin.com/jobs/view/4450139296,2026-08-12,2026-08-14T08:36:16.296584+00:00,None,linkedin,internship,,,0.63,new
a5442b41da04fb8b,Market Risk IT Specialist,TSG Corp,"Geneva, Switzerland",https://www.linkedin.com/jobs/view/4450455568,2026-08-13,2026-08-14T08:36:16.296591+00:00,nan,linkedin,internship,,,0.63,new
a4ebb2a9dddf2a3d,Quantitative Trading Internship (Summer 2027 - Shanghai),Optiver,,https://optiver.com/join-us/jobs/institutional-sales-and-trading/shanghai/quantitative-trading-internship-summer-2027-shanghai/,,2026-08-14T08:36:16.296598+00:00,,custom_html,,,,0.6,new
1c8bea6260176c03,Quantitative Analyst / Investment Manager (m/w/d),Allianz,"Stuttgart, Baden-Württemberg, Germany",https://www.linkedin.com/jobs/view/4454001819,nan,2026-08-14T08:36:16.296604+00:00,nan,linkedin,internship,,,0.6,new
e420ddd269536f6a,Jr. Area Sales Manager (France),Cutera,"Puteaux, A8, FR",https://fr.indeed.com/viewjob?jk=5a90f85b730added,2026-08-12,2026-08-14T08:36:16.296617+00:00,"**Position Summary:**


Reporting to the Country Manager, the Junior Sales Manager (JSM) role is responsible for lead generation, ensuring that dermatologists, aesthetic doctors and other specialties understand the benefits of working with Cutera, and being instrumental in them becoming loyal, long\",indeed,internship,,,0.55,new
8130442ea6578231,Trainee Eventmanagement & Sales (m/w/d),memox,"Basel, Basel, Switzerland",https://www.linkedin.com/jobs/view/4450161436,2026-08-12,2026-08-14T08:36:16.296625+00:00,nan,linkedin,internship,,,0.55,new
2419333b065cb96b,Sales Agent Schaffhausen 60-100%,Sunrise,"Schaffhausen, Schaffhausen, Switzerland",https://www.linkedin.com/jobs/view/4453116593,2026-08-12,2026-08-14T08:36:16.296631+00:00,nan,linkedin,internship,,,0.55,new
5f30335f8568061e,Field Sales Promoter*in (40%-100%),Pflegewegweiser GmbH,"Lucerne, Lucerne, Switzerland",https://www.linkedin.com/jobs/view/4443386108,2026-08-12,2026-08-14T08:36:16.296638+00:00,nan,linkedin,internship,,,0.55,new
3cd40f4923751b07,Inside Sales 60-100% (all genders),Datwyler IT Infra,"Altdorf UR, Uri, Switzerland",https://www.linkedin.com/jobs/view/4450175597,2026-08-12,2026-08-14T08:36:16.296644+00:00,nan,linkedin,internship,,,0.55,new
9a135151e0284d26,Inside Sales 80-100% (all genders),Datwyler IT Infra,"Altdorf UR, Uri, Switzerland",https://www.linkedin.com/jobs/view/4450189106,2026-08-12,2026-08-14T08:36:16.296650+00:00,nan,linkedin,internship,,,0.55,new
f16a90d85ae882d2,Associate Sales Representative - CSAP - Switzerland (Market),Cisco,"Rolle, Vaud, Switzerland",https://www.linkedin.com/jobs/view/4454052630,nan,2026-08-14T08:36:16.296662+00:00,nan,linkedin,internship,,,0.55,new
55b4ac7901069a52,Sales Consultant / Personalberater in Wohlen (m/w/d) 100%,Adecco,"Wohlen, Aargau, Switzerland",https://www.linkedin.com/jobs/view/4453272854,nan,2026-08-14T08:36:16.296669+00:00,nan,linkedin,internship,,,0.55,new
3a8fb5a55c5529d4,Sales Specialist Panel Builder (80 - 100%),ABB,"Baden, Aargau, Switzerland",https://www.linkedin.com/jobs/view/4443010685,nan,2026-08-14T08:36:16.296676+00:00,nan,linkedin,internship,,,0.55,new
09b0fb01fd849ce8,Sales Representative in Acute Care & Monitoring (m/w/d),Medtronic,"Meerbusch, NW, DE",https://de.indeed.com/viewjob?jk=ba485fd8da3dd8e1,2026-08-13,2026-08-14T08:36:16.296682+00:00,"Careers that change lives start here. Medtronic is a global leader in healthcare technology with a Mission to alleviate pain, restore health, and extend life. Our 95,000 employees work across more than 150 countries to put patients first — developing innovative medical technologies that improve the ",indeed,internship,,,0.55,new
c2806b1c8a0d6c3e,Sales Manager (Outside Sales | MSP & IT Services),Pavago,DE,https://de.indeed.com/viewjob?jk=0bcd68f07312a570,2026-08-13,2026-08-14T08:36:16.296689+00:00,"**Sales Manager (Outside Sales \| MSP \& IT Services)****Position Type:** Full\-Time, Remote  

**Location:** Remote (must have real\-time overlap with U.S. Eastern business hours)  

**Reports To:** CEO

**About the Role**
At Pavago, one of our clients is hiring an experienced **Sales Manager** to ",indeed,internship,,,0.55,new
591f28801562dafa,Sales Associate (m/w/d) - German Speaking,nan,"Berlin, BE, DE",https://de.indeed.com/viewjob?jk=da181cc6b0d92a0c,2026-08-13,2026-08-14T08:36:16.296695+00:00,"We are hiring a **Sales Associate** to join a well\-funded, early\-stage technology company in Berlin building AI software for pharmaceutical and chemical businesses.

The company is tackling a large, practical problem. Across Germany and the wider DACH region, thousands of industrial businesses sti",indeed,internship,,,0.55,new
3ffe96afd3b77a59,Sales Associate (m/w/d) - German Speaking,nan,"Berlin, BE, DE",https://de.indeed.com/viewjob?jk=45b6e3d045ab82c0,2026-08-13,2026-08-14T08:36:16.296701+00:00,"We are hiring a **Sales Associate** to join a well\-funded, early\-stage technology company in Berlin building AI software for pharmaceutical and chemical businesses.

The company is tackling a large, practical problem. Across Germany and the wider DACH region, thousands of industrial businesses sti",indeed,internship,,,0.55,new
2df633a0ec1f86a3,Sales Development Representative (m/w/d),octonomy AI GmbH,"Köln, NW, DE",https://de.indeed.com/viewjob?jk=9e9677bebb1f467f,2026-08-12,2026-08-14T08:36:16.296708+00:00,"Wir bei octonomy sind kein typisches KI\-Startup: Wir haben Großes vor – und sind dabei bereits über die klassische Early\-Stage\-Phase hinausgewachsen. Unsere Mission ist klar: Wir transformieren Unternehmen mit der intelligentesten digitalen Workforce, sodass sie mit uns als Partner eine neue Ära ",indeed,internship,,,0.55,new
3167e76b30417bab,Sales Intern (m/w/d),One Thousand,"Berlin, Berlin, Germany",https://www.linkedin.com/jobs/view/4449102261,2026-08-12,2026-08-14T08:36:16.296715+00:00,nan,linkedin,internship,,,0.55,new
f67b8673c44173f7,WORKING STUDENT SALES SOUTH WEST EUROPE (f/m/d),360T,,https://www.linkedin.com/jobs/view/4450142463,2026-08-12,2026-08-14T08:36:16.296725+00:00,nan,linkedin,internship,,,0.55,new
09c73de4a9b131a9,Sales Development Representative (m/w/*) - AI-Driven Sales,Capmo,"Berlin, Germany",https://www.linkedin.com/jobs/view/4450115896,2026-08-12,2026-08-14T08:36:16.296731+00:00,nan,linkedin,internship,,,0.55,new
e67e9a1c71dbb1c9,Associate Sales Representative - CSAP - Germany,Cisco,"Munich, Bavaria, Germany",https://www.linkedin.com/jobs/view/4435155941,2026-08-11,2026-08-14T08:36:16.296745+00:00,nan,linkedin,internship,,,0.55,new
56ea3384279fa645,Sales Development Representative (w/m/d) - Remote / Berlin / Hamburg,Packmatic,"Berlin, Germany",https://www.linkedin.com/jobs/view/4452193372,2026-08-11,2026-08-14T08:36:16.296752+00:00,nan,linkedin,internship,,,0.55,new
b58d37e3dca34f3e,Sales Trainee (m/w/d),jobvalley,,https://www.linkedin.com/jobs/view/4452960172,nan,2026-08-14T08:36:16.296759+00:00,nan,linkedin,internship,,,0.55,new
981ca83002689f98,Sales Trainee (m/w/d),jobvalley,"Mecklenburg-West Pomerania, Germany",https://www.linkedin.com/jobs/view/4452969467,nan,2026-08-14T08:36:16.296765+00:00,nan,linkedin,internship,,,0.55,new
4bc7e598ded8f6ff,Sales Development Representative (m/w/d),shyftplan,"Berlin, Berlin, Germany",https://www.linkedin.com/jobs/view/4450488408,nan,2026-08-14T08:36:16.296772+00:00,nan,linkedin,internship,,,0.55,new
3a04cba3e9a1bab7,Sales Intern / Werkstudent (m/w/d),moverloop,"Munich, Bavaria, Germany",https://www.linkedin.com/jobs/view/4453694111,nan,2026-08-14T08:36:16.296778+00:00,nan,linkedin,internship,,,0.55,new
3981177f255473cf,Inside Sales - Europe,HID,"Beaucouzé, Pays de la Loire, France",https://www.linkedin.com/jobs/view/4431516659,2026-08-12,2026-08-14T08:36:16.296784+00:00,nan,linkedin,internship,,,0.55,new
e7cee638c015754b,Founding Sales Development Representative (SDR),Piston,"Biarritz, Nouvelle-Aquitaine, France",https://www.linkedin.com/jobs/view/4452444183,2026-08-11,2026-08-14T08:36:16.296792+00:00,nan,linkedin,internship,,,0.55,new
08eb2bceb5d8ca82,Sales,LC Group,"Sales, Auvergne-Rhône-Alpes, France",https://www.linkedin.com/jobs/view/4450881134,nan,2026-08-14T08:36:16.296799+00:00,nan,linkedin,internship,,,0.55,new
3a7f1431d675176d,Praktikum Sales & Performance Management (m/w/d),"Peek & Cloppenburg* B.V. & Co. KG, Düsseldorf","Düsseldorf, NW, DE",https://de.indeed.com/viewjob?jk=7ad018666618b183,2026-08-13,2026-08-14T08:36:16.296806+00:00,"**Praktikum (m/f/d)**

  

  

**EMPLOYMENT**


Internship
**START**


ab sofort
**LIMITATION**


4 bis 6 Monate
**COMPANY**


Peek \& Cloppenburg\* B.V. \& Co. KG, Düsseldorf
**CONTACT PERSON**


Joline Streich
**LOCATION**


Headquarter Duesseldorf  

  

Tradition \& Innovation, Fashion \& Fakten",indeed,internship,,,0.55,new
2418b82b718f4861,Intern Sales (m/f/d),Bourns,"Aschheim, BY, DE",https://de.indeed.com/viewjob?jk=fff84af7b3f8bf78,2026-08-13,2026-08-14T08:36:16.296813+00:00,"**Title:** Intern Sales (m/f/d)
  
**.buttontextbcc8a58b52de843a a{ border:** 1px solid transparent; } .buttontextbcc8a58b52de843a a: focus{ border: 1px dashed \#5B94FF !important; outline: none !important; }
  
  

**Career at Bourns:**  

If working for an organization with a long history of techn",indeed,internship,,,0.55,new
72623bc56e18cf26,Field Sales Internship,Bella&Bona GmbH,"Berlin, BE, DE",https://de.indeed.com/viewjob?jk=b181b33a17e2c29a,2026-08-12,2026-08-14T08:36:16.296819+00:00,"**Overview**

Bella\&Bona is a venture\-capital\-backed food\-tech company offering a workplace food program that employees enjoy every day. We are building a category\-defining company at the intersection of food, operations, and technology.

To support our growth, we are looking for a **Field Sale",indeed,internship,,,0.55,new
f770fe351b42bb47,Inside Sales Representative (m/w/d),Radius,"Berlin, Berlin, Germany",https://www.linkedin.com/jobs/view/4443920469,2026-08-12,2026-08-14T08:36:16.296826+00:00,nan,linkedin,internship,,,0.55,new
912c8ca29dacfbd3,Sales Development Representative - Berlin (m/w/d),Aceve,"Berlin, Germany",https://www.linkedin.com/jobs/view/4452392104,2026-08-12,2026-08-14T08:36:16.296832+00:00,nan,linkedin,internship,,,0.55,new
dcbb0d6e40e6c962,Sales Development Representative,Smartsheet,"Munich, Bavaria, Germany",https://www.linkedin.com/jobs/view/4452998983,nan,2026-08-14T08:36:16.296845+00:00,nan,linkedin,internship,,,0.55,new
d82a0b9fb3853dff,CIFRE - Intégration d’architectures de qubits de spin en silicium en technologie CMOS FDSOI avancée pour le calcul quantique (F/H),STMicroelectronics France,"Crolles, Auvergne-Rhône-Alpes, France",https://www.linkedin.com/jobs/view/4443351953,2026-08-12,2026-08-14T08:36:16.296857+00:00,nan,linkedin,internship,,,0.55,new
83b5f9185af320bf,Analyste - Capital Markets (FH),Colliers,"Levallois-Perret, Île-de-France, France",https://www.linkedin.com/jobs/view/4442669493,2026-08-12,2026-08-14T08:36:16.296869+00:00,nan,linkedin,internship,,,0.55,new
40ddd38d92412824,"Pricing, Contracts, and Tenders PMO (m/f/d)",Fresenius Kabi,"Bad Homburg vor der Höhe, HE, DE",https://de.indeed.com/viewjob?jk=929ae4f8dc516a34,2026-08-13,2026-08-14T08:36:16.296878+00:00,"**Pricing, Contracts, and Tenders PMO** (Project Management Office) is responsible for end\-to\-end project management for all projects running under the Pricing, Contracts, and Tenders, ensuring objectives are achieved within agreed **scope, timeline, budget, quality, and risk parameters** . The ro",indeed,internship,,,0.55,new
693f8381d5206760,Credit Analyst - Trade Finance,Lotus Partners,,https://www.linkedin.com/jobs/view/4453138525,2026-08-12,2026-08-14T08:36:16.296885+00:00,nan,linkedin,internship,,,0.55,new
fb6f861e8e54a44c,Consultant Risk Management and Banking Supervision - Consulting (Financial Services) (w/m/d),EY,"Eschborn, Hesse, Germany",https://www.linkedin.com/jobs/view/4374633131,2026-08-11,2026-08-14T08:36:16.296894+00:00,nan,linkedin,internship,,,0.55,new
cd10a2e02a280885,Talent Programme Internship,SumUp,"London, ENG, GB",https://uk.indeed.com/viewjob?jk=6ea636e5b390baac,2026-08-12,2026-08-14T08:36:16.296900+00:00,"**Talent Programme Internship**
===============================


**Employment type:** Fixed\-term contract (6 Months) \| **Hours:** 20 hours/week \| **Base Salary**: £35,000 pro rata



Start Date: 14th September 2026


**About the team**
------------------



Our Field Sales Talent Acquisition tea",indeed,internship,6 Months,,0.5,new
cf2c3271f62f8ec8,"VoD TV Broadcast Technical Architect (AWS, TV)",PCR Digital,"London, ENG, GB",https://uk.indeed.com/viewjob?jk=37b5f4c4bf65c05c,2026-08-13,2026-08-14T08:36:16.296913+00:00,"* Location: London
* Sector: Media
* Contract Type: Contract
* Salary: £520 \- £565 per day \+ Outside IR35
* Contact: David King
* Contact Email: david.king@pcrdigital.com
* Published: 9 hours ago
* Duration: 6 Months
* Expiry Date: Thu, Aug 27 2026
* Reference: BBBH13149\_1786642217
* Start Date: ",indeed,internship,6 Months,,0.45,new
c609fe9c46651c28,Stage Ops / Growth / Coordination,Auxicare,"Paris, A8, FR",https://fr.indeed.com/viewjob?jk=3fd0a68d601e3ca2,2026-08-12,2026-08-14T08:36:16.296920+00:00,"Offre de stage \- Operations \& Growth \- Auxicare (6 mois)

Durée : 6 mois \- démarrage : Septembre 2026  
1000\-1200€/mois \+ prime de fin de stage

**Auxicare, en 30 secondes**  
Auxicare est une startup de la Silver Economy qui rend possible l'accompagnement à domicile des personnes âgées en per",indeed,internship,6 mois,,0.45,new
ec19f1a9d371d38c,Stage Bras droit CEO – Alvo (H/F),EGERY BUSINESS OFFICE,"Paris, A8, FR",https://fr.indeed.com/viewjob?jk=ff4d4687167aaa62,2026-08-12,2026-08-14T08:36:16.296928+00:00,"**\- Informations générales**

Employeur : Egery Business Office – pour la marque Alvo

Secteur : Cession \& reprise d'entreprises / Tech / Services B2B

Lieu : Paris (télétravail partiel possible)

Type de poste : Stage – 6 mois

Date de début : Septembre 2026

**\- À propos d'Alvo**

Alvo est une ",indeed,internship,6 mois,,0.45,new
b12eee647768d49a,Private Market Analyst - Trade Finance,Allianz,"London, ENG, GB",https://uk.indeed.com/viewjob?jk=fc5d76c026b3d8d8,2026-08-12,2026-08-14T08:36:16.297022+00:00,"Join Allianz Global Investors' Trade Finance Team, one of the world's leading institutional investors in working capital and trade finance assets. Working alongside experienced portfolio managers and credit analysts, you will evaluate and execute investments across a diverse range of specialty finan",indeed,internship,,,0.35,new
6094d486f29304bf,Supervisor (Second Floor),DOVER STREET MARKET,"London, ENG, GB",https://uk.indeed.com/viewjob?jk=4051fdb733a99450,2026-08-11,2026-08-14T08:36:16.297032+00:00,"Driving overall sales and leading by example through personal customer service standards. Assisting the Floor Manager in the efficient running of floor and will have overall responsibility for the floor in the absence of the FM.

 **Key Roles \& Responsibilities:**

  

* Supporting the Floor Manage",indeed,internship,,,0.35,new
f3f769504a9fb54e,Data analyst F/H - stage,MK2,"Paris, A8, FR",https://fr.indeed.com/viewjob?jk=7a2a301a9e076639,2026-08-13,2026-08-14T08:36:16.297039+00:00,"**Notre groupe :**


Fondée en 1974, mk2 est une maison de cinéma indépendante de référence en Europe. Depuis cinquante ans, le groupe déploie un modèle intégré qui réunit l’ensemble des métiers du cinéma : production, distribution, ventes internationales, exploitation, hôtellerie, médias et expérie",indeed,internship,,,0.35,new
e6fa924b347be8d1,Finance Internship,EFG International,"Genève, GE, CH",https://ch.indeed.com/viewjob?jk=246fd0e9e58c33cd,2026-08-13,2026-08-14T08:36:16.297045+00:00,"**General Info**

* Department: CFO
* Work time Percentage: 100%
* Location: Geneva
Internship \- starting asap \- minimum duration 6 months with possible extension  
* 

**Our Company**

EFG International is a global private banking group, offering private banking and asset management services. We ",indeed,internship,6 months,,0.35,new
984b0bc28e46faa4,Stage - Chargé d'appels d'offres  (H/F),AGENCE CIC PARIS HAUSSMANN,"Paris, Île-de-France, France",https://www.linkedin.com/jobs/view/4453105291,2026-08-12,2026-08-14T08:36:16.297059+00:00,nan,linkedin,internship,,,0.3,new
a83ccd242fc49720,Stage Mars Petcare - Assistant(e) Categorie Manager / Equipe Clients (F/F/X) Septembre 2026,Mars,"Paris, Île-de-France, France",https://www.linkedin.com/jobs/view/4443507426,2026-08-12,2026-08-14T08:36:16.297066+00:00,nan,linkedin,internship,,,0.3,new
440dbb405453dab0,Insurance Account Coordinator,Acturis Ltd,"London, ENG, GB",https://uk.indeed.com/viewjob?jk=8f3d4b24e022670c,2026-08-13,2026-08-14T08:36:16.297082+00:00,"At Acturis, innovation isn’t just part of our culture — **it’s in our DNA**.  

Our journey began in 2000 **in the garden shed of our co‑founder, Theo Duchen**, who—together with fellow former McKinsey partner David McDonald—set out to reinvent insurance technology. From those start‑up beginnings, A",indeed,internship,,,0.3,new
12baf259d71411d9,Special Projects Lead - Category Expansion,Fleek,"London, ENG, GB",https://uk.indeed.com/viewjob?jk=154125255cffaad5,2026-08-13,2026-08-14T08:36:16.297089+00:00,"**Can you help us fix the world's most broken supply chain?**
=============================================================


The fashion industry produces over 100 billion garments a year. 60% end up in landfill, not because people don't want these clothes, but because the supply chain for getting ",indeed,internship,,,0.3,new
919fcad9ab92066b,Cross Commodity Algorythmic Trader,Lodestone,"London, England, UK",https://www.linkedin.com/jobs/view/4450454558,2026-08-13,2026-08-14T08:36:16.297095+00:00,nan,linkedin,internship,,,0.3,new
393fe566f51e6886,Private Market Analyst - Trade Finance,Allianz Global Investors,"London, England, UK",https://www.linkedin.com/jobs/view/4453341182,2026-08-12,2026-08-14T08:36:16.297103+00:00,nan,linkedin,internship,,,0.3,new
87bf1219095811c0,Trade Assistant - FO - High Performing Fund,One Ten Associates,"London Area, United Kingdom",https://www.linkedin.com/jobs/view/4452910703,nan,2026-08-14T08:36:16.297112+00:00,nan,linkedin,internship,,,0.3,new
677c95aa0540d9a9,Global Equities - EMEA Flow Single Stock Options Trader - Analyst,JPMorganChase,"Paris, Île-de-France, France",https://www.linkedin.com/jobs/view/4410226970,2026-08-12,2026-08-14T08:36:16.297119+00:00,nan,linkedin,internship,,,0.3,new
6884c5acd376615d,PORTFOLIO ANALYST - ALTERNATIVE & RISK MITIGATION - PARIS or GENEVE,Kepler Cheuvreux,"Paris, Île-de-France, France",https://www.linkedin.com/jobs/view/4452913777,nan,2026-08-14T08:36:16.297132+00:00,nan,linkedin,internship,,,0.3,new
249c96bd6ff179b7,Stage Analyste Crédit (H/F),DLL,"Paris, Île-de-France, France",https://www.linkedin.com/jobs/view/4441528386,nan,2026-08-14T08:36:16.297141+00:00,nan,linkedin,internship,,,0.3,new
3f86b7b24ecc5860,Commodity Risk Analyst,Richard James Recruitment Specialists Ltd,"London Area, United Kingdom",https://www.linkedin.com/jobs/view/4415329434,2026-08-12,2026-08-14T08:36:16.297149+00:00,nan,linkedin,internship,,,0.3,new
61629a2cab124d5c,CRB Trader EMEA,UBS,"London, England, UK",https://www.linkedin.com/jobs/view/4442658357,2026-08-12,2026-08-14T08:36:16.297155+00:00,nan,linkedin,internship,,,0.3,new
9740bc852bee959f,Trader - Multi-asset execution & data analysis,Railpen,"London, England, UK",https://www.linkedin.com/jobs/view/4453203541,nan,2026-08-14T08:36:16.297165+00:00,nan,linkedin,internship,,,0.3,new
1317a2ed2d2b0954,Floor Housekeeper,Firmdale Hotels,"London, ENG, GB",https://uk.indeed.com/viewjob?jk=af0515fdba55b4d8,2026-08-13,2026-08-14T08:36:16.297175+00:00,"Are you passionate about providing excellent customer service and maintaining exceptional standards? We have an exciting opportunity for a Floor Housekeeper to join our highly successful team at The Soho Hotel, part of the renowned Firmdale Hotels.


Firmdale Hotels is known for its uniquely styled,",indeed,internship,,,0.3,new
b0429a603cb69bd1,Luggage Porter,Firmdale Hotels,"London, ENG, GB",https://uk.indeed.com/viewjob?jk=a3c4557f61ce56d0,2026-08-13,2026-08-14T08:36:16.297182+00:00,"Are you ready to embark on an exciting journey with us at Charlotte Street Hotel? We're on the lookout for a dynamic and personable **Luggage Porter** to become an integral part of our esteemed team.


At Firmdale Hotels, we pride ourselves on delivering unparalleled experiences to our guests. With ",indeed,internship,,,0.3,new
9cec9f60adc428fa,Associate Measurement Partner,Samba TV,"London, ENG, GB",https://uk.indeed.com/viewjob?jk=18a4f50190c2eff7,2026-08-13,2026-08-14T08:36:16.297188+00:00,"London
Core Operations – Measurement Science (S\&M) /
International Full Time Employee /
Hybrid

**Samba is a media intelligence company. We know what the world is watching, reading, and thinking about — in real time, at scale, across every screen. Our data exists with the consent of over a billion ",indeed,internship,,,0.3,new
11bdf22f0e20f5d1,Internship in Room Dining,HSH Group (owner and operator of The Peninsula Hotels),"Paris, A8, FR",https://fr.indeed.com/viewjob?jk=90e7dd02ee9cf3db,2026-08-12,2026-08-14T08:36:16.297195+00:00,"Perfectly situated at 19 Avenue Kléber, The Peninsula sits in the heart of Paris within walking distance of some of the world’s most famous monuments, museums and luxury shopping districts. The Peninsula houses 200 luxurious rooms, including 93 suites. Working alongside a high profile and prestigiou",indeed,internship,,,0.3,new
b836f940b7db2472,Internship Placement Manager - Paris,Absolute Internship,"Paris, Île-de-France, France",https://www.linkedin.com/jobs/view/4453109742,2026-08-12,2026-08-14T08:36:16.297201+00:00,nan,linkedin,internship,,,0.3,new
4e362721c59dadbc,Talent Programme Internship,SumUp,"London, ENG, GB",https://uk.indeed.com/viewjob?jk=1b4014b9819830f0,2026-08-12,2026-08-14T08:36:16.297208+00:00,"**.css\-1cpk9mt{margin\-top:** var(\-cui\-spacings\-giga);margin\-bottom: var(\-cui\-spacings\-mega);position: relative;}
  
**.css\-177mjip{position:** absolute;opacity: 0;top: calc(\-72px \- 20px);}
  
Talent Programme Internship
  
**.css\-k4eprn{margin\-bottom:** 16px;}
  
  

**.css\-10dm8y{fon",indeed,internship,,,0.3,new
af4790994ed5f138,Stage Tax / Droit Fiscal - de septembre à décembre 2026,Ashurst Perkins Coie,"Paris, A8, FR",https://fr.indeed.com/viewjob?jk=d95dd475486e418f,2026-08-12,2026-08-14T08:36:16.297217+00:00,"Rejoignez un cabinet d'excellence, reconnu pour son expertise et son accompagnement des entreprises et institutions dans leurs enjeux fiscaux stratégiques.



**Présentation du Cabinet**



Ashurst Perkins Coie est le cabinet d'avocats mondial pour l'économie de demain.



Avec plus de 3 500 profess",indeed,internship,,,0.3,new
d84512cc1be7fa1c,Stage - Chargé Partenariats culturels & Mécénat - Sept 2026,AXA,"Paris, Île-de-France, France",https://www.linkedin.com/jobs/view/4434701710,2026-08-12,2026-08-14T08:36:16.297226+00:00,nan,linkedin,internship,,,0.3,new
0127a43d2832c072,Stage - Assistant(e) Clienteling International,Van Cleef & Arpels,"Paris, Île-de-France, France",https://www.linkedin.com/jobs/view/4452378917,2026-08-12,2026-08-14T08:36:16.297233+00:00,nan,linkedin,internship,,,0.3,new
7c60b6a8782ffb67,Stage - Assistant(e) Formation Retail France & Monaco (H/F),Van Cleef & Arpels,"Paris, Île-de-France, France",https://www.linkedin.com/jobs/view/4452730433,2026-08-12,2026-08-14T08:36:16.297239+00:00,nan,linkedin,internship,,,0.3,new
6855e8a5d71dde0f,Stage - Junior Retail Architect & Store Design Planning Specialist (H/F),Maison Alaïa,"Paris, Île-de-France, France",https://www.linkedin.com/jobs/view/4433697790,2026-08-12,2026-08-14T08:36:16.297246+00:00,nan,linkedin,internship,,,0.3,new
e52d9ebcfefca20e,Chargé(e) d'étude de marché et community management (2 mois),Younivibe,"Paris, Île-de-France, France",https://www.linkedin.com/jobs/view/4453698623,nan,2026-08-14T08:36:16.297262+00:00,nan,linkedin,internship,,,0.3,new
4d2f88935ced97ff,Stagiaire Stewarding (H/F),"Four Seasons Hotel George V, Paris","Paris, Île-de-France, France",https://www.linkedin.com/jobs/view/4450880227,nan,2026-08-14T08:36:16.297269+00:00,nan,linkedin,internship,,,0.3,new
a710eb3be6aa99a9,Employability and Projects Graduate Intern (50062630),Westminster School of Media and Communication,"London, England, UK",https://www.linkedin.com/jobs/view/4453182612,2026-08-12,2026-08-14T08:36:16.297276+00:00,None,linkedin,internship,,,0.3,new
30b44f3e57abd719,Team Member,Young's Pubs,"London, England, UK",https://www.linkedin.com/jobs/view/4454036800,nan,2026-08-14T08:36:16.297283+00:00,None,linkedin,internship,,,0.3,new
6a5295d51707b8ff,Stagiaire 6 mois - Joivy France,Joivy,"Paris, Île-de-France, France",https://www.linkedin.com/jobs/view/4453096341,2026-08-12,2026-08-14T08:36:16.297289+00:00,nan,linkedin,internship,,,0.3,new
ec3e14643c4aebdb,Business analyst,INTÉRIALE Mutuelle,"Paris, Île-de-France, France",https://www.linkedin.com/jobs/view/4452999656,nan,2026-08-14T08:36:16.297296+00:00,nan,linkedin,internship,,,0.3,new
db43b4bf49ed7240,Founders Associate (Internship),Raison,"Paris, Île-de-France, France",https://www.linkedin.com/jobs/view/4450812436,nan,2026-08-14T08:36:16.297302+00:00,nan,linkedin,internship,,,0.3,new
1f1da92cd30ed54e,Stage - Consultant(e) junior / Analyste - Stratégie & Innovation,IMPULSE PARTNERS - A FAST LANE FOR INNOVATION,"Paris, Île-de-France, France",https://www.linkedin.com/jobs/view/4452941151,nan,2026-08-14T08:36:16.297310+00:00,nan,linkedin,internship,,,0.3,new
095323bbafbf5708,Chargé(e) de veille,Newsendip,"Paris, Île-de-France, France",https://www.linkedin.com/jobs/view/4454020712,nan,2026-08-14T08:36:16.297318+00:00,nan,linkedin,internship,,,0.3,new
1cfc6a96f5465470,Strategy Consulting Intern TMT (m/f/d),Altman Solon,"Paris, Île-de-France, France",https://www.linkedin.com/jobs/view/4296080452,nan,2026-08-14T08:36:16.297324+00:00,nan,linkedin,internship,,,0.3,new
68b4201353db7b3e,Stage – Conseil Secteur Public / Politiques publiques,IMPULSE PARTNERS - A FAST LANE FOR INNOVATION,"Paris, Île-de-France, France",https://www.linkedin.com/jobs/view/4452952094,nan,2026-08-14T08:36:16.297333+00:00,nan,linkedin,internship,,,0.3,new
1fcb9d16047732de,"2026 Applied Scientist Intern, Amazon University Talent Acquisition",Quantum Computing Jobs UK,"London, England, UK",https://www.linkedin.com/jobs/view/4453380401,2026-08-12,2026-08-14T08:36:16.297340+00:00,None,linkedin,internship,,,0.3,new
2db118717bc2c68e,Intern,EFG International,"London, England, UK",https://www.linkedin.com/jobs/view/4452677465,2026-08-11,2026-08-14T08:36:16.297347+00:00,None,linkedin,internship,,,0.3,new
5e6a9b7a8b4f3375,Business Consultant (Student Internship),Blackmont Consulting Paris Branch,"London Area, United Kingdom",https://www.linkedin.com/jobs/view/4454502100,nan,2026-08-14T08:36:16.297353+00:00,None,linkedin,internship,,,0.3,new
16ee2f466c2f7846,Content & Creator Operations Specialist Intern (French Speaker) (CapCut) - 2027 Summer,ByteDance,"London, England, UK",https://www.linkedin.com/jobs/view/4454063629,nan,2026-08-14T08:36:16.297360+00:00,None,linkedin,internship,,,0.3,new
6277f18fe516306b,Innovation Intern,Sirio,"London Area, United Kingdom",https://www.linkedin.com/jobs/view/4450822180,nan,2026-08-14T08:36:16.297366+00:00,None,linkedin,internship,,,0.3,new
5f22682dabe2f091,Founding Team Interns (Multiple Roles),Khan Terminal,"London, England, UK",https://www.linkedin.com/jobs/view/4448163530,nan,2026-08-14T08:36:16.297372+00:00,None,linkedin,internship,,,0.3,new
84429bcc2ffbf752,Financial Officer - req38056,The World Bank Group,"Paris, Île-de-France, France",https://www.linkedin.com/jobs/view/4453324435,2026-08-12,2026-08-14T08:36:16.297379+00:00,nan,linkedin,internship,,,0.3,new
fd109516884c223c,Derivative Oversight Manager,Resolution Life,"London Area, United Kingdom",https://www.linkedin.com/jobs/view/4442678688,2026-08-12,2026-08-14T08:36:16.297387+00:00,nan,linkedin,internship,,,0.3,new
401de1fb989d4a95,Stress Testing Associate,Nomura,"London, England, UK",https://www.linkedin.com/jobs/view/4450172586,2026-08-12,2026-08-14T08:36:16.297394+00:00,nan,linkedin,internship,,,0.3,new
bb3ea319b096b6b2,"Asset & Liability Management (ALM) Risk Analyst, Paris or Frankfurt",JPMorganChase,"Paris, Île-de-France, France",https://www.linkedin.com/jobs/view/4454366179,nan,2026-08-14T08:36:16.297403+00:00,nan,linkedin,internship,,,0.3,new
3482eb3cd9690e9e,Index Options Trader,G-20 Group,"London, England, UK",https://www.linkedin.com/jobs/view/4454067576,nan,2026-08-14T08:36:16.297412+00:00,nan,linkedin,internship,,,0.3,new
c16543f2857bdc8b,Equity Options Trader,G-20 Group,"London, England, UK",https://www.linkedin.com/jobs/view/4454076355,nan,2026-08-14T08:36:16.297419+00:00,nan,linkedin,internship,,,0.3,new
1b8adce3da9bd5d0,STAGE - Chargé de mission impact RSE F/H,BRED Banque Populaire,"Paris, Île-de-France, France",https://www.linkedin.com/jobs/view/4431959804,2026-08-12,2026-08-14T08:36:16.297427+00:00,nan,linkedin,internship,,,0.3,new
51592dcbf635ee0e,Operations Lead,comind,"London, ENG, GB",https://uk.indeed.com/viewjob?jk=3928ecc871b50d77,2026-08-13,2026-08-14T08:36:16.297433+00:00,"At CoMind, we are developing a non\-invasive neuromonitoring technology that will result in a new era of clinical brain monitoring. In joining us, you will be helping to create cutting\-edge technologies that will improve how we diagnose and treat brain disorders, ultimately improving and saving the",indeed,internship,,,0.3,new
51173a32d9e64917,Financial Accountant,WEP Clinical,"London, ENG, GB",https://uk.indeed.com/viewjob?jk=4ebabe5e31d710b1,2026-08-13,2026-08-14T08:36:16.297440+00:00,"Are you seeking an exciting and fulfilling new opportunity? Join our dynamic team at WEP Clinical, where your contributions will play a key role in driving impactful solutions and improving outcomes for clients and patients. We encourage innovation and collaboration, challenging our team to bring fo",indeed,internship,,,0.3,new
382a7f7ab6733b50,"Security Officer in Security Operations, London Sites -Threadneedle Street and Moorgate (9 month FTCs )",Bank of England,"London, ENG, GB",https://uk.indeed.com/viewjob?jk=dc16ac13d6f06ab0,2026-08-12,2026-08-14T08:36:16.297447+00:00,"**Location:** London Sites \-Threadneedle Street/Moorgate,


**Department Overview**

Our Security Operations team plays a vital role in keeping the Bank of England safe, secure and welcoming for everyone who works in or visits our sites. The team protects our people, buildings, information and asse",indeed,internship,,,0.3,new
68378c6d79e418d3,2027 Off-cycle Internship Program - EMEA,BlackRock,"London, England, UK",https://www.linkedin.com/jobs/view/4434994774,2026-08-11,2026-08-14T08:36:16.297455+00:00,nan,linkedin,internship,,,0.3,new
b0416b01deca758e,Investment Team Associate,ROYC,"London, England, UK",https://www.linkedin.com/jobs/view/4453255200,nan,2026-08-14T08:36:16.297461+00:00,nan,linkedin,internship,,,0.3,new
21803b195b284488,"Investment Analyst, European Infrastructure Fund",Greenwich Partners,"London, England, UK",https://www.linkedin.com/jobs/view/4454042984,nan,2026-08-14T08:36:16.297467+00:00,nan,linkedin,internship,,,0.3,new
cb6a54cd21dad93c,Stage - 6 mois - Financement de projets (F/H),PHOTOSOL,"Paris, Île-de-France, France",https://www.linkedin.com/jobs/view/4442179134,2026-08-12,2026-08-14T08:36:16.297474+00:00,nan,linkedin,internship,,,0.3,new
9c9dd0dfe1a195e7,Structured Operations Associate - Investment Management,Miryco Consultants Ltd,"London Area, United Kingdom",https://www.linkedin.com/jobs/view/4453114077,2026-08-12,2026-08-14T08:36:16.297483+00:00,nan,linkedin,internship,,,0.3,new
39f5adbcd2e193be,"Analyst, Performance & Analytics",RBC,"London, England, UK",https://www.linkedin.com/jobs/view/4454073806,nan,2026-08-14T08:36:16.297490+00:00,nan,linkedin,internship,,,0.3,new
23b08c66b52223c6,Real Estate Investor (Analyst/Associate),Pearse Partners,"London Area, United Kingdom",https://www.linkedin.com/jobs/view/4452994656,nan,2026-08-14T08:36:16.297497+00:00,nan,linkedin,internship,,,0.3,new
8611806be92e7592,"GBM - Public Dept-London-Associate-Matching, Shaping, Allocation",Goldman Sachs,"London, England, UK",https://www.linkedin.com/jobs/view/4453200913,nan,2026-08-14T08:36:16.297503+00:00,nan,linkedin,internship,,,0.3,new
7c0a6a02306aae98,Stage - Data Sientist/Analyst - Septembre 2026,AXA,"Paris, Île-de-France, France",https://www.linkedin.com/jobs/view/4434499746,2026-08-12,2026-08-14T08:36:16.297513+00:00,nan,linkedin,internship,,,0.3,new
17b963613107c85c,Internship - Life & Health Claims Performance & Transformation - August/September 2026,AXA,"Paris, Île-de-France, France",https://www.linkedin.com/jobs/view/4434486594,2026-08-12,2026-08-14T08:36:16.297523+00:00,None,linkedin,internship,,,0.3,new
fa01dd7dab2ecd0b,Data & Business Performance Internship,AKUR8,"Paris, Île-de-France, France",https://www.linkedin.com/jobs/view/4449831700,2026-08-11,2026-08-14T08:36:16.297529+00:00,None,linkedin,internship,,,0.3,new
1894ded4aa1eed62,Analyst (Consulting),QuantSpark,"London, England, UK",https://www.linkedin.com/jobs/view/4451910487,2026-08-11,2026-08-14T08:36:16.297537+00:00,None,linkedin,internship,,,0.3,new
b26254df00fbd63e,Analyste Reporting Risque (H/F),Groupe BPCE,"Paris, Île-de-France, France",https://www.linkedin.com/jobs/view/4450179014,2026-08-12,2026-08-14T08:36:16.297546+00:00,nan,linkedin,internship,,,0.3,new
46ac474f5d4d9a8f,"Content Architect, Workflows",CFA Institute,"London, ENG, GB",https://uk.indeed.com/viewjob?jk=5094a957f6a71b60,2026-08-14,2026-08-14T08:36:16.297552+00:00,"\&\#xa;\&\#xa;
JOB SUMMARY


The Content Architect, Workflows leads the day\-to\-day reliability, standardization, and continuous improvement of content production workflows across CFA Institute’s Learning Experience team. The role operationalizes enterprise content transformation standards into dai",indeed,internship,,,0.3,new
0e1e47f0ac8726cf,Assistant Manager – Creative Division,SRLV,"London, ENG, GB",https://uk.indeed.com/viewjob?jk=76632bcece78d251,2026-08-14,2026-08-14T08:36:16.297561+00:00,"**WHO WE ARE**  

  

SRLV is a mid\-tier firm of chartered accountants, business management specialists and corporate and private client advisors based in Londons vibrant West End. Founded in 1988, we have evolved into a £30m\+ turnover business with 21 partners and 240\+ staff supporting an enviab",indeed,internship,,,0.3,new
1405ce8d97d6d4be,Programme Manager - Security,Ingenico,"London, ENG, GB",https://uk.indeed.com/viewjob?jk=9e1f7b61486e1939,2026-08-13,2026-08-14T08:36:16.297567+00:00,"**Date:** Aug 13, 2026
  
  

**Company:****Location:**  

London, GB, N1 9FN
  
  

**\#job\-location.job\-location\-inline { display:** inline; }
  
  

Ingenico is the global leader in payments acceptance solutions. As the trusted technology partner for merchants, banks, acquirers, ISVs, payment ",indeed,internship,,,0.3,new
7214bd1625f00b73,Clinical Scientist,Synnovis,"London, ENG, GB",https://uk.indeed.com/viewjob?jk=6b4f41e7886875da,2026-08-13,2026-08-14T08:36:16.297573+00:00,"We are seeking an experienced and highly motivated Clinical Scientist to join a unique cross\-service role spanning the specialist Molecular Haemostasis \& Thrombosis service at St Thomas’ Hospital and the Monogenics team at Guy’s Hospital (3 days in Molecular Haemostasis/1 day Monogenics).
  
  

T",indeed,internship,,,0.3,new
c142d1665c44716d,Goods In Operator - night shift,GREENCORE,"London, ENG, GB",https://uk.indeed.com/viewjob?jk=f05450af79763276,2026-08-05,2026-08-14T08:36:16.297580+00:00,"**Contract Type:** Permanent \- Full Time


**Shift Pattern/ Time**: Night shift, 4 on 4 off, 18:00 to 06:00


**Rate:** £14\.04 / hour


**Location:** Greencore Bow, Twelvetrees Crescent, London E3 3JG


**(Please note this is a full\-time role only)**


**Why Greencore?**


Following the combinati",indeed,internship,,,0.3,new
b3130657e40aba2d,Risk Analyst,Inigo,"London Area, United Kingdom",https://www.linkedin.com/jobs/view/4453144378,2026-08-12,2026-08-14T08:36:16.297586+00:00,nan,linkedin,internship,,,0.3,new
94d0dfc5240a7fb1,Prudential Risk Manager,ACCA Careers,"London, England, UK",https://www.linkedin.com/jobs/view/4453691791,2026-08-12,2026-08-14T08:36:16.297592+00:00,nan,linkedin,internship,,,0.3,new
739cdb9af5654aa2,Prudential Risk Manager,Michael Page,"City Of London, England, UK",https://www.linkedin.com/jobs/view/4453109268,2026-08-12,2026-08-14T08:36:16.297598+00:00,nan,linkedin,internship,,,0.3,new
5d6a6b9e418d7679,"Analyst, UK Chief Risk Officer, Risk Governance",American Express,"London, England, UK",https://www.linkedin.com/jobs/view/4452727784,2026-08-12,2026-08-14T08:36:16.297605+00:00,nan,linkedin,internship,,,0.3,new
ccb7c117f91422bb,Risk Modeller,Motability Operations Ltd,"Greater London, England, UK",https://www.linkedin.com/jobs/view/4454011705,nan,2026-08-14T08:36:16.297619+00:00,nan,linkedin,internship,,,0.3,new
5bf6bc8a765a4446,Responsable risque de crédit (F/H),DELUBAC & CIE,"Paris, Île-de-France, France",https://www.linkedin.com/jobs/view/4454504187,nan,2026-08-14T08:36:16.297627+00:00,nan,linkedin,internship,,,0.3,new
04fe4551b96d0521,Investment Team Associate,ROYC Group,"London, ENG, GB",https://uk.indeed.com/viewjob?jk=2d16e840ab55fb44,2026-08-13,2026-08-14T08:36:16.297633+00:00,"**Investment Associate – Private Markets**
==========================================

**Location:** London  

**Team:** Investments  

**Seniority:** Associate

**About ROYC**
--------------


ROYC is a private markets investment and technology company expanding access to institutional\-quality opp",indeed,internship,,,0.3,new
b22cb35c6b55da46,Exposure Analyst,Rokstone Underwriting,"London Area, United Kingdom",https://www.linkedin.com/jobs/view/4450497925,nan,2026-08-14T08:36:16.297640+00:00,nan,linkedin,internship,,,0.3,new
d35bc7da8ad52fdb,Equity Options Trader,G-20 Group,"Zurich, Zurich, Switzerland",https://www.linkedin.com/jobs/view/4454064447,nan,2026-08-14T08:36:16.297656+00:00,None,linkedin,internship,,,0.28,new
973b911ea8cc610c,Index Options Trader,G-20 Group,"Zurich, Zurich, Switzerland",https://www.linkedin.com/jobs/view/4454078461,nan,2026-08-14T08:36:16.297663+00:00,None,linkedin,internship,,,0.28,new
ef4b89c925aced90,Finance Internship,EFG International,"Geneva, Geneva, Switzerland",https://www.linkedin.com/jobs/view/4454301904,nan,2026-08-14T08:36:16.297669+00:00,None,linkedin,internship,,,0.28,new
eb99ef019aa4cf05,Financial Controlling Intern,Chopard,"Meyrin, Geneva, Switzerland",https://www.linkedin.com/jobs/view/4451212356,nan,2026-08-14T08:36:16.297675+00:00,None,linkedin,internship,,,0.28,new
875edeacc40d911f,Product Development Intern (m/f/d)- Financial Indexes,BITA,"Frankfurt am Main, Hesse, Germany",https://www.linkedin.com/jobs/view/4452704036,2026-08-12,2026-08-14T08:36:16.297684+00:00,nan,linkedin,internship,,,0.28,new
56b23d89a1836474,Intern Key Account Management - Value Channel,Mattel EMEA,"Frankfurt, Hesse, Germany",https://www.linkedin.com/jobs/view/4453389069,2026-08-12,2026-08-14T08:36:16.297690+00:00,nan,linkedin,internship,,,0.28,new
3ba4ce5cc531c89c,"Intern, Valuation Services",Kroll,"Frankfurt, Hesse, Germany",https://www.linkedin.com/jobs/view/4441019139,2026-08-12,2026-08-14T08:36:16.297697+00:00,nan,linkedin,internship,,,0.28,new
3755d501f13be631,Trade Finance Officer - Russian speaking,KeyPartners,"Geneva, Switzerland",https://www.linkedin.com/jobs/view/4452926458,2026-08-13,2026-08-14T08:36:16.297706+00:00,nan,linkedin,internship,,,0.28,new
2a6ed255f3bb0670,"Internship Real Estate Consulting 80-100%, 6 months (m/w/d)",Wüest Partner,"Geneva, Geneva, Switzerland",https://www.linkedin.com/jobs/view/4452396961,2026-08-12,2026-08-14T08:36:16.297713+00:00,nan,linkedin,internship,,,0.28,new
0e8920db81f96053,Internship Proposition Manager,Swisscom,"Zurich, Zurich, Switzerland",https://www.linkedin.com/jobs/view/4454030468,nan,2026-08-14T08:36:16.297721+00:00,nan,linkedin,internship,,,0.28,new
b3ca8b8f698c4477,"Internship in Data Analytics & Automation for Aviation Risk (limited to 6-9 months, 70 - 100%, all genders)",Swiss International Air Lines,"Kloten, Zurich, Switzerland",https://www.linkedin.com/jobs/view/4450475744,nan,2026-08-14T08:36:16.297728+00:00,nan,linkedin,internship,,,0.28,new
f7bfa8389d90b158,Working Student - Regulatory Reporting & Monitoring (f/m/d),Deutsche Börse,"Frankfurt am Main, HE, DE",https://de.indeed.com/viewjob?jk=62c768e2f56a6438,2026-08-13,2026-08-14T08:36:16.297735+00:00,"### **Build the future of financial markets. Build yours.**

Ready to make a real impact in the financial industry? At Deutsche Börse Group, we'll empower you to grow your career in a supportive and inclusive environment. With our unique business model, driven by 16,000 colleagues around the globe, ",indeed,internship,,,0.28,new
572843019667c05d,Verkaufsberater:in im Aussendienst,Steinfels Swiss,"Vernier, Geneva, Switzerland",https://www.linkedin.com/jobs/view/4451927639,2026-08-11,2026-08-14T08:36:16.297745+00:00,nan,linkedin,internship,,,0.28,new
02e7c91b57e231fd,Intern Key Account Management - Grocery,"Mattel, Inc.","Frankfurt, Hesse, Germany",https://www.linkedin.com/jobs/view/4450135856,2026-08-12,2026-08-14T08:36:16.297751+00:00,nan,linkedin,internship,,,0.28,new
fda7698430182409,Intern Key Account Management - Grocery,Mattel EMEA,"Frankfurt, Hesse, Germany",https://www.linkedin.com/jobs/view/4453375407,2026-08-12,2026-08-14T08:36:16.297757+00:00,nan,linkedin,internship,,,0.28,new
b6b2d5a4d7169721,Vertriebsmitarbeiter/in im Innendienst,SocialCraft Media GmbH,"Zurich, Zurich, Switzerland",https://www.linkedin.com/jobs/view/4450156928,2026-08-12,2026-08-14T08:36:16.297763+00:00,nan,linkedin,internship,,,0.28,new
2256fd845c771de9,SDR,salesEco,"Zurich, Switzerland",https://www.linkedin.com/jobs/view/4454031633,nan,2026-08-14T08:36:16.297770+00:00,nan,linkedin,internship,,,0.28,new
7a8026de5b9d23d4,Intern Key Account Management - Value Channel,"Mattel, Inc.","Frankfurt am Main, HE, DE",https://de.indeed.com/viewjob?jk=246c0e557f93cf71,2026-08-12,2026-08-14T08:36:16.297777+00:00,"**CREATIVITY IS OUR SUPERPOWER.** It’s our heritage and it’s also our future. Because we don’t just make toys. We create innovative products and experiences that inspire fans, entertain audiences and develop children through play. Mattel is at its best when every member of our team feels respected, ",indeed,internship,,,0.28,new
cd9dec0deee2b705,Intern Key Account Management - Grocery,"Mattel, Inc.","Frankfurt am Main, HE, DE",https://de.indeed.com/viewjob?jk=36c83f7d31196a93,2026-08-12,2026-08-14T08:36:16.297783+00:00,"**CREATIVITY IS OUR SUPERPOWER.** It’s our heritage and it’s also our future. Because we don’t just make toys. We create innovative products and experiences that inspire fans, entertain audiences and develop children through play. Mattel is at its best when every member of our team feels respected, ",indeed,internship,,,0.28,new
2c8b9066cb442c3b,Intern Key Account Management - Grocery,"Mattel, Inc.","Frankfurt am Main, HE, DE",https://de.indeed.com/viewjob?jk=61fd795346252735,2026-08-12,2026-08-14T08:36:16.297790+00:00,"**Company Description** **CREATIVITY IS OUR SUPERPOWER.** It’s our heritage and it’s also our future. Because we don’t just make toys. We create innovative products and experiences that inspire fans, entertain audiences and develop children through play. Mattel is at its best when every member of ou",indeed,internship,,,0.28,new
68ea8f766005d860,Intern Key Account Management - Value Channel,"Mattel, Inc.","Frankfurt am Main, HE, DE",https://de.indeed.com/viewjob?jk=3c4df82b94944843,2026-08-12,2026-08-14T08:36:16.297796+00:00,"**Company Description** **CREATIVITY IS OUR SUPERPOWER.** It’s our heritage and it’s also our future. Because we don’t just make toys. We create innovative products and experiences that inspire fans, entertain audiences and develop children through play. Mattel is at its best when every member of ou",indeed,internship,,,0.28,new
cc0a39614caeb126,Stage administratif – Transition écologique dans les soins - 100%,HUG - Hopitaux Universitaires de Genève,"Geneva, Geneva, Switzerland",https://www.linkedin.com/jobs/view/4453094598,2026-08-12,2026-08-14T08:36:16.297805+00:00,nan,linkedin,internship,,,0.28,new
074ce8b21e5c9734,Stagiaire répétiteur-trice / La Spirale,Fondation Officielle de la Jeunesse,"Lancy, Geneva, Switzerland",https://www.linkedin.com/jobs/view/4453089849,2026-08-12,2026-08-14T08:36:16.297812+00:00,nan,linkedin,internship,,,0.28,new
d5018661c564b69d,Stage ingénieur en innovation - 80% à 100%,HUG - Hopitaux Universitaires de Genève,"Geneva, Geneva, Switzerland",https://www.linkedin.com/jobs/view/4453696212,nan,2026-08-14T08:36:16.297824+00:00,nan,linkedin,internship,,,0.28,new
365bf1a6c17ccb01,Workplace and Employee Experience Intern,GetYourGuide,"Zurich, Zurich, Switzerland",https://www.linkedin.com/jobs/view/4453145240,2026-08-12,2026-08-14T08:36:16.297832+00:00,None,linkedin,internship,,,0.28,new
1ad2b4811e4958a2,Trainee FOKUS (m/w/d) Business Intelligence in der Konzernentwicklung,Union Investment,"Frankfurt am Main, Hesse, Germany",https://www.linkedin.com/jobs/view/4453366513,2026-08-13,2026-08-14T08:36:16.297847+00:00,None,linkedin,internship,,,0.28,new
6e8d6cd2ad2c17a9,Gold and Precious Metals Options Trader,G-20 Group,"Zurich, Zurich, Switzerland",https://www.linkedin.com/jobs/view/4454070719,nan,2026-08-14T08:36:16.297857+00:00,nan,linkedin,internship,,,0.28,new
0b7eef653e25b812,Praktikum in der Wirtschaftsprüfung per Herbst 2026 im Bereich Financial Services,EY,"Zurich, Zurich, Switzerland",https://www.linkedin.com/jobs/view/4443184454,nan,2026-08-14T08:36:16.297866+00:00,nan,linkedin,internship,,,0.28,new
2c000a5eb20e21e3,"Fund Finance Working Student (f/m/x), Frankfurt (Part-Time)",Savills Investment Management,"Frankfurt, Hesse, Germany",https://www.linkedin.com/jobs/view/4450896393,nan,2026-08-14T08:36:16.297872+00:00,nan,linkedin,internship,,,0.28,new
2e233c2203db0735,Internship in Machine Learning (m/f) - 50-100%,AutoForm Group,"Zurich, Zurich, Switzerland",https://www.linkedin.com/jobs/view/4454010321,nan,2026-08-14T08:36:16.297881+00:00,None,linkedin,internship,,,0.28,new
f58ed72ddf7e3602,Internship Data & AI,pom+ Consulting Ltd,"Zurich, Switzerland",https://www.linkedin.com/jobs/view/4452437414,2026-08-11,2026-08-14T08:36:16.297888+00:00,nan,linkedin,internship,,,0.28,new
f077ba19999c28a0,Engineering Internship - AI/Data,iudexnc,"Zurich, Zurich, Switzerland",https://www.linkedin.com/jobs/view/4450893108,nan,2026-08-14T08:36:16.297894+00:00,nan,linkedin,internship,,,0.28,new
2d7679dc316a781a,Underwriting Analyst (w/m/d) Berufshaftpflichtversicherung,AIG,"Glattbrugg, Zurich, Switzerland",https://www.linkedin.com/jobs/view/4442646828,2026-08-12,2026-08-14T08:36:16.297900+00:00,nan,linkedin,internship,,,0.28,new
ecc1214c5041236b,Business Risk Manager – Global Products & Solutions (GPS) 80% - 100% (f/m/d),Julius Baer,"Zurich, Zurich, Switzerland",https://www.linkedin.com/jobs/view/4453696502,nan,2026-08-14T08:36:16.297915+00:00,nan,linkedin,internship,,,0.28,new
83b488583f84880c,Risk & Insurance Manager,Sika,"Zurich, Zurich, Switzerland",https://www.linkedin.com/jobs/view/4450450986,nan,2026-08-14T08:36:16.297921+00:00,nan,linkedin,internship,,,0.28,new
bb9546571a3a4385,Business Risk Manager,Vontobel,"Zurich, Zurich, Switzerland",https://www.linkedin.com/jobs/view/4450823741,nan,2026-08-14T08:36:16.297927+00:00,nan,linkedin,internship,,,0.28,new
9d1584c0070f3b3f,Projekt- und Risiko Manager Client Channels (m/w/d),Zürcher Kantonalbank,"Zurich, Zurich, Switzerland",https://www.linkedin.com/jobs/view/4441090871,nan,2026-08-14T08:36:16.297937+00:00,nan,linkedin,internship,,,0.28,new
c2e367adce184da2,Risk Manager - Kreditrisiko (m/w/d),Tatenwerk Frankfurt GmbH,"Frankfurt am Main, Hesse, Germany",https://www.linkedin.com/jobs/view/4452383607,2026-08-12,2026-08-14T08:36:16.297943+00:00,nan,linkedin,internship,,,0.28,new
25af640f74e945f6,Consultant Risk Engineering (d/m/w) im Team RRE (Risk Return Engineering),Deutsche Bank,"Frankfurt, Hesse, Germany",https://www.linkedin.com/jobs/view/4443972164,nan,2026-08-14T08:36:16.297965+00:00,nan,linkedin,internship,,,0.28,new
4d4d7550cce605af,"Founders Associate Working Student (hybrid, Berlin)",Honeysales GmbH,"Berlin, BE, DE",https://de.indeed.com/viewjob?jk=51ad6cec9f535ff4,2026-08-13,2026-08-14T08:36:16.297972+00:00,"#### **About Us**


honeysales wurde 2021 in Berlin gegründet – mit dem Ziel, den B2B\-Vertrieb von Grund auf neu zu denken.  

Jetzt starten wir durch mit Agentic AI: autonome Sales Agents, die denken, handeln und verkaufen wie echte Top\-Performer – vollautomatisiert, intelligent und effektiv.  

",indeed,internship,,,0.25,new
1d1a1944d58d75ad,SMB Account Representative,Geotab,"Berlin, BE, DE",https://de.indeed.com/viewjob?jk=453a6f35d971ef32,2026-08-13,2026-08-14T08:36:16.297978+00:00,"Basis:


Permanent Full Time


Area of Interest:


Sales


Location:


Berlin, Germany


**Who we are:**
---------------


Geotab ® is a global leader in IoT and connected transportation and certified “Great Place to Work™.” We are a company of diverse and talented individuals who work together to h",indeed,internship,,,0.25,new
fafc95251f8d2d83,Junior Venture Development Manager tink.energy (all genders),tink GmbH,"Berlin, BE, DE",https://de.indeed.com/viewjob?jk=ae71c0a71826196d,2026-08-13,2026-08-14T08:36:16.297985+00:00,"#### **Deine Aufgaben**

**Strategie \& Wachstumsinitiativen**

* Unterstützung der strategischen Entwicklung und operativen Umsetzung zentraler Wachstumsinitiativen für tink.energy
* Enger Austausch mit dem Team zur Konzeption, Implementierung und Skalierung konkreter Workstreams in Growth, Sales u",indeed,internship,,,0.25,new
e0e3c613b5baf428,RFP Manager (f/d/m),CEEZER,DE,https://de.indeed.com/viewjob?jk=db60d7fc27c96dff,2026-08-12,2026-08-14T08:36:16.297991+00:00,"A definitive shift is currently happening. Corporates across the globe are no longer just reporting on sustainability; they are actively investing in it as a core financial and strategic asset.


At CEEZER, we are architecting the infrastructure for enterprise\-grade Climate Performance Asset manage",indeed,internship,,,0.25,new
e3acb22410feba8b,Internship in the Field of Full Stack Engineering,Bosch,"Ulm, BW, DE",https://de.indeed.com/viewjob?jk=6c6bedfe8afe4bf9,2026-08-13,2026-08-14T08:36:16.297998+00:00,"**Aufgaben**
------------


You are a valuable member of the international channel management team and contribute towards the success of our company.* During your internship you will work on internal applications to support our global sales partner network and develop features to enhance application",indeed,internship,,,0.25,new
6868dca38b94ffee,Stagiaire Chargé.e de projet Développement Touristique (H/F),CERCLE NAUIQUE DE MIMIZAN,"Mimizan, NA, FR",https://fr.indeed.com/viewjob?jk=c4fda61387cefb34,2026-08-13,2026-08-14T08:36:16.298006+00:00,"**Le Centre Lac et Océan recrute son/sa futur·e stagiaire en développement touristique !**

Situé dans un cadre naturel unique, le **Centre Lac et Océan** recherche un·e stagiaire de niveau Master pour accompagner la structuration, la commercialisation et la valorisation de ses activités et projets ",indeed,internship,,,0.25,new
bda864d1490de0aa,Finance Data Products - International Product Lead,Citi,GRZYBOWSKA 60,https://citi.wd5.myworkdayjobs.com/2/job/GRZYBOWSKA-60/Finance-Data-Products---International-Product-Lead_26987155,Posted Yesterday,2026-08-14T08:36:16.298014+00:00,,workday,,,,0.2,new
ed0ff707cc4c8459,2027 Shanghai Machine Learning Engineer Summer Internship,Optiver,,https://optiver.com/join-us/jobs/technology/shanghai/2027-shanghai-machine-learning-engineer-summer-internship/,,2026-08-14T08:36:16.298041+00:00,,custom_html,,,,0.2,new
52b8cef18741a69a,Stage - Portfolio Analyst FMCG H/F,BNP Paribas Asset Management,"Puteaux, Île-de-France, France",https://www.linkedin.com/jobs/view/4454053516,nan,2026-08-14T08:36:16.298072+00:00,nan,linkedin,internship,,,0.2,new
55bc2e34b34b9e2d,Storekeeper Intern,Ultima Collection,"Gstaad, Berne, Switzerland",https://www.linkedin.com/jobs/view/4450101995,2026-08-12,2026-08-14T08:36:16.298079+00:00,None,linkedin,internship,,,0.2,new
3b9da40ca921645d,Natural Gas Trader,Metlen,"Zug, Zug, Switzerland",https://www.linkedin.com/jobs/view/4454398096,nan,2026-08-14T08:36:16.298087+00:00,None,linkedin,internship,,,0.2,new
dc03ba3982d7369e,Stage Opérationnel (durée de 6 mois),Gotham Coworking,"Lausanne, Vaud, Switzerland",https://www.linkedin.com/jobs/view/4453673952,nan,2026-08-14T08:36:16.298095+00:00,None,linkedin,internship,,,0.2,new
f0a961b0eeca1e9c,Intern (m/f/d) in Procurement – with salary details,Covestro,"Leverkusen, North Rhine-Westphalia, Germany",https://www.linkedin.com/jobs/view/4452378727,2026-08-12,2026-08-14T08:36:16.298106+00:00,nan,linkedin,internship,,,0.2,new
a2f073e5d3a0696e,Investment Intern (Roll-up),Stravia Ingenieure,"Berlin, Berlin, Germany",https://www.linkedin.com/jobs/view/4450490759,nan,2026-08-14T08:36:16.298116+00:00,nan,linkedin,internship,,,0.2,new
73792eec54f63515,Praktikum Internationaler Technischer Vertrieb,Bosch,"Karlsruhe, Baden-Württemberg, Germany",https://www.linkedin.com/jobs/view/4452946131,nan,2026-08-14T08:36:16.298122+00:00,nan,linkedin,internship,,,0.2,new
1a7272616a3cd5e3,Business Strategy Intern,Lynxeo,"Puteaux, Île-de-France, France",https://www.linkedin.com/jobs/view/4453125197,2026-08-12,2026-08-14T08:36:16.298129+00:00,nan,linkedin,internship,,,0.2,new
5828fab22c3d6a9f,Stage – Strategic Intelligence Analyst - F/H,Schneider Electric,"Rueil-Malmaison, Île-de-France, France",https://www.linkedin.com/jobs/view/4452974668,nan,2026-08-14T08:36:16.298138+00:00,nan,linkedin,internship,,,0.2,new
3e9cd05684053841,Intern Team Performance Training (100%),IWC Schaffhausen,"Schaffhausen, Schaffhausen, Switzerland",https://www.linkedin.com/jobs/view/4452973775,nan,2026-08-14T08:36:16.298148+00:00,nan,linkedin,internship,,,0.2,new
166d90624081859e,Trainee (m/w/d) Vertrieb Privatkunden - Schwerpunkt Portfoliomanagement,Kreissparkasse Böblingen,"Böblingen, Baden-Württemberg, Germany",https://www.linkedin.com/jobs/view/4453344822,2026-08-13,2026-08-14T08:36:16.298156+00:00,nan,linkedin,internship,,,0.2,new
beee4426b700cfed,Investment Management – Werkstudent / Praktikant (m/w/d),Reneo,"Hamburg, Hamburg, Germany",https://www.linkedin.com/jobs/view/4442649307,2026-08-12,2026-08-14T08:36:16.298164+00:00,nan,linkedin,internship,,,0.2,new
b21d411764abbde1,Venture Capital Internship,Simon Capital,"Düsseldorf, North Rhine-Westphalia, Germany",https://www.linkedin.com/jobs/view/4454009764,nan,2026-08-14T08:36:16.298175+00:00,nan,linkedin,internship,,,0.2,new
8748cf9582ae991c,Trainee Finance Treasury (m/w/d)*,SCHOTT,"Mainz, Rhineland-Palatinate, Germany",https://www.linkedin.com/jobs/view/4453263928,nan,2026-08-14T08:36:16.298181+00:00,nan,linkedin,internship,,,0.2,new
64423fe162016fdd,Mandatory Internship in Renewable Energy (f/m/d),Uniper,"Berlin, Berlin, Germany",https://www.linkedin.com/jobs/view/4454319170,nan,2026-08-14T08:36:16.298187+00:00,nan,linkedin,internship,,,0.2,new
d73c681b9d1418c0,Field Service Engineer - France,"UE Systems, Inc.","Télétravail, FR",https://fr.indeed.com/viewjob?jk=76822f728a8a2b67,2026-08-13,2026-08-14T08:36:16.298194+00:00,"**Location:** Remote, France (70–75% across France; occasional international travel)  

**Reports To:** Director of Global Accounts

**Who We Are**  

At UE Systems we believe that every person, regardless of their industry, company size, experience, or budget, should have the tools and support to h",indeed,internship,,,0.2,new
8c20fc102c825198,Chief Product Officer (CPO) – Footwear (m/w/d),Pammys,"Hamburg, HH, DE",https://de.indeed.com/viewjob?jk=19cd4d5d4ead711a,2026-08-12,2026-08-14T08:36:16.298203+00:00,"Hamburg
Vollzeit
Festanstellung


**Stellenbeschreibung**
-----------------------


Du entwickelst nicht einfach Produkte.

**Du entscheidest, mit welchen Produkten eine Brand in den nächsten Jahren gewinnt.**


Du weißt, welche Kategorien wir aufbauen sollten, welche Produkte skalieren können, welc",indeed,internship,,,0.2,new
7ac335ea52740cbb,Chief Product Officer (CPO) – Footwear (m/w/d),dieseo GmbH,"Hamburg, HH, DE",https://de.indeed.com/viewjob?jk=218231211bbe873e,2026-08-12,2026-08-14T08:36:16.298211+00:00,"#### **Stellenbeschreibung**


Du entwickelst nicht einfach Produkte.

**Du entscheidest, mit welchen Produkten eine Brand in den nächsten Jahren gewinnt.**


Du weißt, welche Kategorien wir aufbauen sollten, welche Produkte skalieren können, welche Trends langfristig relevant sind und wie aus einer",indeed,internship,,,0.2,new
d5b770ca9b0b7695,Founders Associate Intern - GTM,opus,"Berlin, Berlin, Germany",https://www.linkedin.com/jobs/view/4450473368,2026-08-13,2026-08-14T08:36:16.298217+00:00,nan,linkedin,internship,,,0.2,new
eba0f9338849c9af,Founders Associate Intern (GTM),Aniva Health,"Berlin, Berlin, Germany",https://www.linkedin.com/jobs/view/4450817695,nan,2026-08-14T08:36:16.298225+00:00,nan,linkedin,internship,,,0.2,new
5069246adb2cabcc,Business Developper B2B,Greenweez,"Saint-Jorioz, Auvergne-Rhône-Alpes, France",https://www.linkedin.com/jobs/view/4454060736,nan,2026-08-14T08:36:16.298233+00:00,nan,linkedin,internship,,,0.2,new
71c0fd9c6b070d76,Young Talent Market Intelligence & Aftermarket Solutions,Liebherr Group,"Bulle, FR, CH",https://ch.indeed.com/viewjob?jk=87508e4bab1f89cb,2026-08-13,2026-08-14T08:36:16.298239+00:00,"Are you looking forward to starting your professional career in a multinational environment? Join our internship program to launch your career with us and benefit from our hands\-on approach. We are looking for candidates available for a 12\-month internship as of 1st October 2026\.

**Your responsi",indeed,internship,,,0.2,new
1ee6988cf2e54c4d,Working Student - Total Rewards & People Analytics (f/m/d),Dätwyler,"Schattdorf, UR, CH",https://ch.indeed.com/viewjob?jk=b6448eeb0dd9cc60,2026-08-11,2026-08-14T08:36:16.298246+00:00,"×
  
Apply for Job
  
×
  
×
  
×
  
Enter your email to apply
  
  

**Date:** Aug 11, 2026
  
  

**Location:** Schattdorf, CH, 6467 Cleebronn, DE, 74389
  
  

**\#job\-location.job\-location\-inline { display:** inline; }
  
  

**Company:** Datwyler
  
  

In billions of syringes and in every s",indeed,internship,,,0.2,new
70c27381f5523a8c,Working Student (m/f/d) Product Strategy,Nordex Group,"Hamburg, HH, DE",https://de.indeed.com/viewjob?jk=4451961992f09ee3,2026-08-13,2026-08-14T08:36:16.298255+00:00,Nordex is looking for passionate individuals that are willing to have a positive impact on society and the environment. We have an excellent opportunity for university students who want to make a difference and become part of a team that is working towards a sustainable future. As a working student ,indeed,internship,,,0.2,new
09eb62120db4bd72,Internship in the Field of Full Stack Engineering,Bosch,"Ulm, BW, DE",https://de.indeed.com/viewjob?jk=d261bc2385fbc6c1,2026-08-13,2026-08-14T08:36:16.298261+00:00,"**Company Description** **At Bosch Rexroth, everything revolves around movement and the success of our customers. With our networked drive and control technologies as well as digital solutions, their machines and systems work efficiently, safely and powerfully. We offer components, system solutions ",indeed,internship,,,0.2,new
96c13067460c90c3,Online Retail Activation Intern,Dyson,"Köln, NW, DE",https://de.indeed.com/viewjob?jk=677bdb05113050a7,2026-08-12,2026-08-14T08:36:16.298267+00:00,"**Summary**
-----------


Salary:
Competitive
Job Family:
Marketing Generalist
Location:
Germany \- Cologne Office
  
About us


Dyson is a global technology company founded in 1993 with a unique philosophy \- to solve problems that others ignore. The company is known for surprising new inventions t",indeed,internship,,,0.2,new
602d6f355dccf2be,Internship - Test Stand Development for Tire Manufacturing (m/f/d),Continental,"Hannover, NI, DE",https://de.indeed.com/viewjob?jk=71d58afd95cf78d4,2026-08-12,2026-08-14T08:36:16.298273+00:00,"**Your tasks**
--------------


The Circularity and Innovative Technology department at our Hannover\-Stöcken site is responsible, among other things, for the investigation, evaluation, and development of innovative tire manufacturing processes. We support our partners in turning their ideas for new",indeed,internship,,,0.2,new
d4872a1fc350f7b8,Operations Management Intern – Germany (AI x Greentech) (m/f/d),Reonic GmbH,"Berlin, BE, DE",https://de.indeed.com/viewjob?jk=d37b5eec8041464e,2026-08-12,2026-08-14T08:36:16.298281+00:00,"**Location**
------------


Berlin


**Employment Type**
-------------------


Intern


**Location Type**
-----------------


On\-site


**Department**
--------------


Operations


  
**Are you eager to gain hands\-on experience in a fast\-growing renewable energy startup?**


Do you thrive in dyna",indeed,internship,,,0.2,new
9ed004ac82a5bc9d,Growth Associate Intern (m/w/d),Patterno,"Hamburg, Germany",https://www.linkedin.com/jobs/view/4453381316,2026-08-12,2026-08-14T08:36:16.298292+00:00,nan,linkedin,internship,,,0.2,new
d99b1d3ed6ff1bca,STAGIAIRE ASSISTANT(E) CHEF DE PRODUIT - Développement Collection (H/F),Seven's,"Meyreuil, B8, FR",https://fr.indeed.com/viewjob?jk=9b13fd1e0afde2eb,2026-08-13,2026-08-14T08:36:16.298302+00:00,"1\. Développement produit \& prototypes

**Contexte**

HBT est une marque de prêt\-à\-porter homme et femme spécialisée dans le développement de pièces premium en **polyamide**, avec une attention particulière portée aux matières, aux coupes et à la qualité.  
Les collections sont développées en étr",indeed,internship,,,0.2,new
8e1842d5e07b9c1c,Technicien Méthodes Multi-Sites 1,Fives,"Montévrain, A8, FR",https://fr.indeed.com/viewjob?jk=8a09b5230b8267a9,2026-08-13,2026-08-14T08:36:16.298309+00:00,"**Fives Maintenance recherche activement son Technicien Méthodes Maintenances F/H pour venir renforcer ses équipes à Montévrain, à partir du 01/03/2027\.**

  

Chez Fives, nous sommes toutes et tous portés par une vocation commune, celle de faire aimer l’industrie ! Ensemble, nous œuvrons au quotid",indeed,internship,,,0.2,new
71a34824d6fc586c,Analyste Support Business H/F,Baxter,"Guyancourt, A8, FR",https://fr.indeed.com/viewjob?jk=540725a09fcaddfe,2026-08-12,2026-08-14T08:36:16.298316+00:00,"**Req \#** 207252 **Location** Guyancourt, Île\-de\-France Region, France **Job Category** Commercial Operations **Date posted** 08/12/2026
  
**This is where** your work makes a difference.


At Baxter, we believe every person—regardless of who they are or where they are from—deserves a chance to l",indeed,internship,,,0.2,new
2e47fe3960511b5a,Stagiaire en gestion des données et IA,Relief International,"Montrouge, A8, FR",https://fr.indeed.com/viewjob?jk=76c47f186e82e25a,2026-08-12,2026-08-14T08:36:16.298324+00:00,"**Présentation du poste**

Relief International (RI) souhaite développer une **plateforme intelligente de données et de connaissances sur l’impact** , permettant de centraliser, structurer et valoriser les informations clés issues de ses projets : résultats, impact, enseignements et expertise techni",indeed,internship,,,0.2,new
bc31b02d40b8dd69,STAGE ASSISTANT DE DIRECTION H/F,Sodexo Live!,"Roissy-en-France, A8, FR",https://fr.indeed.com/viewjob?jk=6173db1538351461,2026-08-12,2026-08-14T08:36:16.298330+00:00,"**Sodexo Live !** est la marque mondiale du groupe Sodexo spécialisée dans la restauration et l'hospitalité dans les univers du sport, des loisirs et de l'événementiel.


Nos 40 000 collaborateurs répartis sur 500 sites à travers le monde sont notre première richesse. Ils représentent plus de 80 mét",indeed,internship,,,0.2,new
ad300d8c6f8b3a31,Assistant développement et financements export structurés pour Europe et Moyen-Orient,Société Générale,"La Défense, A8, FR",https://fr.indeed.com/viewjob?jk=6f23a3e464812d20,2026-08-12,2026-08-14T08:36:16.298338+00:00,"**Vos missions au quotidien**
-----------------------------

Hola, Hello, Guten Tag, Buongiorno ! Vous souhaitez travailler dans un environnement international et avez à cœur de satisfaire une clientèle exigeante ? Rejoignez\-nous !


La ligne métier du Développement \& Financements Export Structuré",indeed,internship,,,0.2,new
52ea86d5d51aa6bd,Candidature spontanée - Rejoignez nos équipes !,Eurotunnel,"Coquelles, Hauts-de-France, France",https://www.linkedin.com/jobs/view/4452701784,2026-08-12,2026-08-14T08:36:16.298348+00:00,nan,linkedin,internship,,,0.2,new
da28050c1bc8fcc9,Magasins Généraux - Assistant de projet en ingénierie culturelle (H/F/X) - Stage,Magasins Généraux,"Pantin, Île-de-France, France",https://www.linkedin.com/jobs/view/4452443648,2026-08-11,2026-08-14T08:36:16.298357+00:00,nan,linkedin,internship,,,0.2,new
cd6740c27d7365c4,Technicien CAO - RDM (Femme/Homme),CANDIDATE FIRST,"Lorient, Brittany, France",https://www.linkedin.com/jobs/view/4443984836,nan,2026-08-14T08:36:16.298363+00:00,nan,linkedin,internship,,,0.2,new
819a5a5015b8330b,Ingénieur(e) Conception Mécanique,GROUPE LR TECHNOLOGIES,"Figeac, Occitanie, France",https://www.linkedin.com/jobs/view/4426103774,nan,2026-08-14T08:36:16.298370+00:00,nan,linkedin,internship,,,0.2,new
05dc1d53e1723319,Structural design engineer,QED Structures,,https://www.linkedin.com/jobs/view/4454052019,nan,2026-08-14T08:36:16.298377+00:00,None,linkedin,internship,,,0.2,new
cb921b88beea78b1,Stage ingénieur en innovation - 80% à 100%,HUG (Hôpitaux Universitaires de Genève),"Genève, GE, CH",https://ch.indeed.com/viewjob?jk=7a1beff03556498c,2026-08-13,2026-08-14T08:36:16.298384+00:00,"**Description de l'entreprise**  

Avec plus de 13'000 collaborateurs et collaboratrices représentant 160 métiers, les Hôpitaux Universitaires de Genève (HUG) sont un établissement de référence au niveau national et international. Pour en savoir plus sur notre institution, prenez quelques minutes po",indeed,internship,,,0.2,new
f558be0464cc9592,Young Talent Market Intelligence & Aftermarket Solutions,Liebherr Group,"Bulle, Fribourg, Switzerland",https://www.linkedin.com/jobs/view/4452942164,nan,2026-08-14T08:36:16.298398+00:00,nan,linkedin,internship,,,0.2,new
cb306dced2c147d0,Founders Associate (m/w/d),Cracky GmbH,"Berlin, Berlin, Germany",https://www.linkedin.com/jobs/view/4450151566,2026-08-12,2026-08-14T08:36:16.298405+00:00,None,linkedin,internship,,,0.2,new
09ae67091b77a22c,Worker,SIA ''Māja Tev'',"Hamburg, Hamburg, Germany",https://www.linkedin.com/jobs/view/4450143034,2026-08-12,2026-08-14T08:36:16.298412+00:00,None,linkedin,internship,,,0.2,new
f9f06341d1976120,Project Management Internship,YAMI Studios,"Berlin, Berlin, Germany",https://www.linkedin.com/jobs/view/4450889260,nan,2026-08-14T08:36:16.298425+00:00,None,linkedin,internship,,,0.2,new
4481c78c87228eae,Stud. Beschäftigte*r (w/m/d) 60 MoStd. in 2026; 41 MoStd. ab 01/27 befristet bis 31.01.2028 (Vorbehaltlich der Mittelbewilligung) Kennung: 26/HK/02,Freie Universität Berlin,"Berlin, Berlin, Germany",https://www.linkedin.com/jobs/view/4450816189,nan,2026-08-14T08:36:16.298436+00:00,None,linkedin,internship,,,0.2,new
56b79a5291404620,Dual master's degree with SIBE: Talent Management at Allianz SE (m/f/d),Allianz,"Munich, Bavaria, Germany",https://www.linkedin.com/jobs/view/4454001822,nan,2026-08-14T08:36:16.298442+00:00,None,linkedin,internship,,,0.2,new
3bfa30141c5aa525,KVAC internship,IOM - UN Migration,"Berlin, Berlin, Germany",https://www.linkedin.com/jobs/view/4454026803,nan,2026-08-14T08:36:16.298449+00:00,None,linkedin,internship,,,0.2,new
9c86391ab16fb324,Praktikum Strategy (f/m/d),getquin,"Berlin, Berlin, Germany",https://www.linkedin.com/jobs/view/4451213121,nan,2026-08-14T08:36:16.298455+00:00,None,linkedin,internship,,,0.2,new
3d8821caced6014c,Stage Gestion Locative (6 mois),American Tower,"Bagneux, Île-de-France, France",https://www.linkedin.com/jobs/view/4443361648,2026-08-11,2026-08-14T08:36:16.298461+00:00,nan,linkedin,internship,,,0.2,new
a85e887e57e71aa5,Business Consultant,Blackmont Consulting Paris Branch,,https://www.linkedin.com/jobs/view/4454325499,nan,2026-08-14T08:36:16.298467+00:00,nan,linkedin,internship,,,0.2,new
e3b34e9c5ee7a74c,Office & Administrative Intern,Stellium,"Nyon, Vaud, Switzerland",https://www.linkedin.com/jobs/view/4453162066,2026-08-12,2026-08-14T08:36:16.298473+00:00,None,linkedin,internship,,,0.2,new
57fd2f46a91233d1,Contract Intelligence Ambassador (Internship),iax GmbH,,https://www.linkedin.com/jobs/view/4451669682,2026-08-11,2026-08-14T08:36:16.298481+00:00,None,linkedin,internship,,,0.2,new
71a942c34eb1b66f,Intern Visual Merchandising (100%),IWC Schaffhausen,"Schaffhausen, Schaffhausen, Switzerland",https://www.linkedin.com/jobs/view/4452970568,nan,2026-08-14T08:36:16.298489+00:00,None,linkedin,internship,,,0.2,new
a3f796efbf8f5bf6,Founders Associate Intern - Special Projects,opus,"Berlin, Berlin, Germany",https://www.linkedin.com/jobs/view/4450456520,2026-08-13,2026-08-14T08:36:16.298495+00:00,None,linkedin,internship,,,0.2,new
38f2631e3b04a10f,Internship (m/f/d) Public & Governmental Affairs in Berlin,Berlin Global Advisors,"Berlin, Berlin, Germany",https://www.linkedin.com/jobs/view/4453119984,2026-08-12,2026-08-14T08:36:16.298502+00:00,None,linkedin,internship,,,0.2,new
bd4a0c4b4f9125b0,Talent Strategy Intern,Consultport,"Berlin, Berlin, Germany",https://www.linkedin.com/jobs/view/4450157339,2026-08-12,2026-08-14T08:36:16.298508+00:00,None,linkedin,internship,,,0.2,new
fa124f0b9cd5f540,People & Development Internship (m/f/d),Soho House & Co,"Berlin, Berlin, Germany",https://www.linkedin.com/jobs/view/4453110000,2026-08-12,2026-08-14T08:36:16.298514+00:00,None,linkedin,internship,,,0.2,new
1a3e19e8fd509c53,Intern (m/f/d) in the „International Initiative for the Phase-Out of SF6 in the Power Sector“,GIZ Viet Nam,"Bonn, North Rhine-Westphalia, Germany",https://www.linkedin.com/jobs/view/4453120481,2026-08-12,2026-08-14T08:36:16.298523+00:00,None,linkedin,internship,,,0.2,new
0afcb5c1e94c53d1,Werkstudent / Praktikant (m/w/d) Prozess- und Produktdokumentation,AutoGyro GmbH,"Hildesheim, Lower Saxony, Germany",https://www.linkedin.com/jobs/view/4450110706,2026-08-12,2026-08-14T08:36:16.298529+00:00,None,linkedin,internship,,,0.2,new
d7caa47d284af0d2,Werkstudent / Praktikant (m/w/d) Prozess- und Produktdokume…,AutoGyro GmbH,"Hildesheim, Lower Saxony, Germany",https://www.linkedin.com/jobs/view/4453348940,2026-08-12,2026-08-14T08:36:16.298538+00:00,None,linkedin,internship,,,0.2,new
e79fc59febedbd2d,Studentische Beschäftigung mit 80 Monatsstunden,Technische Universität Berlin,"Berlin, Berlin, Germany",https://www.linkedin.com/jobs/view/4452610924,2026-08-11,2026-08-14T08:36:16.298548+00:00,None,linkedin,internship,,,0.2,new
1a13f936c1ec7c36,Intern - Displacement Tracking Matrix (DTM) Regional Evidence for Migration Analysis and Policy (REMAP),IOM - UN Migration,"Berlin, Berlin, Germany",https://www.linkedin.com/jobs/view/4454015876,nan,2026-08-14T08:36:16.298554+00:00,None,linkedin,internship,,,0.2,new
994b44b6d3f136d6,Intern (m/f/d) - Allianz Consulting - Management Consulting,Allianz Services,"Unterföhring, Bavaria, Germany",https://www.linkedin.com/jobs/view/4454080367,nan,2026-08-14T08:36:16.298561+00:00,None,linkedin,internship,,,0.2,new
0f56b3a5368aac13,Working Student Localization Management (m/f/d),Chrono24,"Berlin, Berlin, Germany",https://www.linkedin.com/jobs/view/4452948179,nan,2026-08-14T08:36:16.298567+00:00,None,linkedin,internship,,,0.2,new
0510dc7dee58a67b,Financial Markets Risk Specialist,ABB,"Cergy, Île-de-France, France",https://www.linkedin.com/jobs/view/4454321479,nan,2026-08-14T08:36:16.298579+00:00,nan,linkedin,internship,,,0.2,new
41ac6268314b949a,Propulsion Test Traineeship/ Internship,Destinus,"Payerne, Vaud, Switzerland",https://www.linkedin.com/jobs/view/4453077052,2026-08-12,2026-08-14T08:36:16.298586+00:00,None,linkedin,internship,,,0.2,new
5a83390893378683,Übersetzerin/Übersetzer für ein Praktikum,Bundesverwaltung,"Bern, Berne, Switzerland",https://www.linkedin.com/jobs/view/4452377961,2026-08-12,2026-08-14T08:36:16.298593+00:00,None,linkedin,internship,,,0.2,new
2e85c9abc9cb52f4,Traduttore/traduttrice stagista,Bundesverwaltung,"Bern, Berne, Switzerland",https://www.linkedin.com/jobs/view/4452385090,2026-08-12,2026-08-14T08:36:16.298600+00:00,None,linkedin,internship,,,0.2,new
57346587de026587,Treasury Operations Specialist,J. Safra Sarasin,"Basel, Basel, Switzerland",https://www.linkedin.com/jobs/view/4443928374,nan,2026-08-14T08:36:16.298606+00:00,None,linkedin,internship,,,0.2,new
36bb518c516b7c86,Visiting Analyst (F/M/D) - Summer 2027,xdeck,"Cologne, North Rhine-Westphalia, Germany",https://www.linkedin.com/jobs/view/4449866518,2026-08-11,2026-08-14T08:36:16.298616+00:00,None,linkedin,internship,,,0.2,new
c5feac30f62b51ee,Student (m/w/d) CLAAS Inside im Bereich Fügetechnik,CLAAS,"Harsewinkel, North Rhine-Westphalia, Germany",https://www.linkedin.com/jobs/view/4447968932,nan,2026-08-14T08:36:16.298627+00:00,None,linkedin,internship,,,0.2,new
4a862d413f586ccc,Praktikant Preis- und Volumenstrategie (w/m/x),BMW Group,"Munich, Bavaria, Germany",https://www.linkedin.com/jobs/view/4450810351,nan,2026-08-14T08:36:16.298634+00:00,None,linkedin,internship,,,0.2,new
33bf754d44d048c5,Working Student (f/m/d) - Business Controlling,Siemens Energy,"Hamburg, HH, DE",https://de.indeed.com/viewjob?jk=ff84d3d4675d5038,2026-08-13,2026-08-14T08:36:16.298640+00:00,"### **Location:** HBG BTC, MCH, DBG**Mode of Employment:** Part\-time / Fixed Term**How You’ll Make an Impact*** Assistance in the preparation of monthly, quarterly, and annual financial reports and management presentations
* Collection and consolidation of financial data from various sources to sup",indeed,internship,,,0.2,new
733ce92f9974d24c,Finance Automation Internship (m/w/d),Vogel Beratung,"Munich, Bavaria, Germany",https://www.linkedin.com/jobs/view/4443370070,2026-08-12,2026-08-14T08:36:16.298646+00:00,nan,linkedin,internship,,,0.2,new
a0c71965a058c942,Internship - Finance & Controlling (f/m/div),Infineon Technologies,"Munich, Bavaria, Germany",https://www.linkedin.com/jobs/view/4452451551,2026-08-11,2026-08-14T08:36:16.298655+00:00,nan,linkedin,internship,,,0.2,new
b9a1ad562cd6e4b2,Assistant développement et financements export structurés pour Europe et Moyen-Orient,Societe Generale Corporate and Investment Banking - SGCIB,"La Défense, Île-de-France, France",https://www.linkedin.com/jobs/view/4450163617,2026-08-12,2026-08-14T08:36:16.298664+00:00,nan,linkedin,internship,,,0.2,new
8a3becbd2d4d7e03,STAGE Chargé d'Expertise Crédit (F/H) - Direction Ingénierie Financière (44),Caisse d'Epargne Bretagne Pays de Loire,"Orvault, Pays de la Loire, France",https://www.linkedin.com/jobs/view/4450475915,nan,2026-08-14T08:36:16.298674+00:00,nan,linkedin,internship,,,0.2,new
dcbeb2e49cac0a23,Stagiaire ruptures de stock de médicaments (F/H) (Nouvelle fenêtre),ANSM,"Saint-Denis, A8, FR",https://fr.indeed.com/viewjob?jk=0f324f924f158004,2026-08-13,2026-08-14T08:36:16.298688+00:00,"**Vous recherchez un nouveau challenge ?**
  

**Vous voulez vous engager dans un travail qui a du sens ?**
  

**La santé publique, ça vous parle ?**


L’Agence nationale de sécurité du médicament et des produits de santé est faite pour vous !
  

Acteur majeur de la santé publique au service des p",indeed,internship,,,0.2,new
f722d1f8a2357cda,Working Student Customer Journey Analytics (f/m/x),BMW Group,"Munich, Bavaria, Germany",https://www.linkedin.com/jobs/view/4441016185,2026-08-12,2026-08-14T08:36:16.298696+00:00,None,linkedin,internship,,,0.2,new
311334788ae891d4,Flexikum im Financial Controlling mit Fokus auf Data & AI,Deutsche Telekom,"Bonn, North Rhine-Westphalia, Germany",https://www.linkedin.com/jobs/view/4453141985,2026-08-12,2026-08-14T08:36:16.298702+00:00,None,linkedin,internship,,,0.2,new
f9e3713cc386db6c,Werkstudent:in / Praktikant:in Aktuariat  Versicherungsmathematik,HDI Group,"Cologne, North Rhine-Westphalia, Germany",https://www.linkedin.com/jobs/view/4434471296,2026-08-11,2026-08-14T08:36:16.298711+00:00,None,linkedin,internship,,,0.2,new
46385d25d8a06733,FinCrime Risk Manager (Fraud),Revolut,,https://www.linkedin.com/jobs/view/4452762397,2026-08-13,2026-08-14T08:36:16.298724+00:00,nan,linkedin,internship,,,0.2,new
92a46ef4dfe218c0,Fraud Analyst,Jobgether,,https://www.linkedin.com/jobs/view/4450883308,nan,2026-08-14T08:36:16.298736+00:00,nan,linkedin,internship,,,0.2,new
d6e6011fcc673705,"Praktikum EHS - Environment, Health & Safety*",HARTING Technology Group,"Biel, Berne, Switzerland",https://www.linkedin.com/jobs/view/4452995297,nan,2026-08-14T08:36:16.298743+00:00,nan,linkedin,internship,,,0.2,new
9bc5e6d8001ea1af,"Global Technical Specialist, Coral Reef Ecosystems & Finance (Home Based) [Open for Tiers 0, 1 and 2]",United Nations Development Programme,"Bonn, NW, DE",https://de.indeed.com/viewjob?jk=024b1c6009aafd39,2026-08-13,2026-08-14T08:36:16.298749+00:00,"**Tier Decription**  

Tier 0: UNDP/UNCDF/UNV IP staff holding permanent (PA) and fixed\-term (FTA) appointments, whose contracts will be terminated or not renewed during 2026
  

Tier 1: Other UNDP/ UNCDF/ UNV staff holding permanent (PA) and fixed term (FTA) appointments (defined as “internal” can",indeed,internship,,,0.2,new
332f59fe245d1cbc,Chancen & Risk Manager & IKS (m/w/d),Intega Solutions,"Garching, Bavaria, Germany",https://www.linkedin.com/jobs/view/4453142126,2026-08-12,2026-08-14T08:36:16.298759+00:00,nan,linkedin,internship,,,0.2,new
90060a6348f712b0,Supplier Risk Manager (m/w/d),INEOS Automotive,"Böblingen, Baden-Württemberg, Germany",https://www.linkedin.com/jobs/view/4453122918,2026-08-12,2026-08-14T08:36:16.298765+00:00,nan,linkedin,internship,,,0.2,new
d18885bb74548f78,Duales Studium Bachelor of Arts (BWL/Versicherung) (m/w/d),Marsh Risk,"Stuttgart, Baden-Württemberg, Germany",https://www.linkedin.com/jobs/view/4453157184,2026-08-12,2026-08-14T08:36:16.298771+00:00,nan,linkedin,internship,,,0.2,new
b7d292665a39c806,Praktikant Technology Risk (w/m/d),EY,"Hamburg, Hamburg, Germany",https://www.linkedin.com/jobs/view/4320129558,2026-08-11,2026-08-14T08:36:16.298778+00:00,nan,linkedin,internship,,,0.2,new
603c54fb41d469d8,Praktikant Technology Risk (w/m/d),EY,"Munich, Bavaria, Germany",https://www.linkedin.com/jobs/view/4320189448,2026-08-11,2026-08-14T08:36:16.298784+00:00,nan,linkedin,internship,,,0.2,new
8fa5b05adde44154,Risk Analyst - Client Underwriting (m/f/d),Riverty,"Berlin, Germany",https://www.linkedin.com/jobs/view/4452684154,2026-08-11,2026-08-14T08:36:16.298790+00:00,nan,linkedin,internship,,,0.2,new
4a322432308d9095,Praktikanten/Werkstudenten Business Risk & Forensic Services (m/w/d),Grant Thornton Germany,"Düsseldorf, North Rhine-Westphalia, Germany",https://www.linkedin.com/jobs/view/4453691747,nan,2026-08-14T08:36:16.298796+00:00,nan,linkedin,internship,,,0.2,new
f6dc404d4923fd6b,Praktikum Bereich Business Continuity Management,CHEFS CULINAR,"Kiel, Schleswig-Holstein, Germany",https://www.linkedin.com/jobs/view/4453533094,nan,2026-08-14T08:36:16.298802+00:00,nan,linkedin,internship,,,0.2,new
491e2fdfa49a3082,Junior Risk Manager (m/w/d),EOS Karriere,"Hamburg, Germany",https://www.linkedin.com/jobs/view/4453528693,nan,2026-08-14T08:36:16.298809+00:00,nan,linkedin,internship,,,0.2,new
4e53bfcf9ffac5ec,Risk Control Officer (m/w/d),Volvo Financial Services,"Ismaning, Bavaria, Germany",https://www.linkedin.com/jobs/view/4435168353,nan,2026-08-14T08:36:16.298815+00:00,nan,linkedin,internship,,,0.2,new
82b0c91e4608c069,Spezialist Risikocontrolling,DKB | Deutsche Kreditbank AG,"Berlin, Germany",https://www.linkedin.com/jobs/view/4410610457,nan,2026-08-14T08:36:16.298821+00:00,nan,linkedin,internship,,,0.2,new
b5667c4f37766903,Auslagerungs- / Third-Party-Risk-Experte,DKB | Deutsche Kreditbank AG,"Berlin, Berlin, Germany",https://www.linkedin.com/jobs/view/4410633747,nan,2026-08-14T08:36:16.298828+00:00,nan,linkedin,internship,,,0.2,new
02255ce1109eeef9,Manager Business Continuity Management (BCM) (m/f/x),Allane Mobility Group,,https://www.linkedin.com/jobs/view/4450897036,nan,2026-08-14T08:36:16.298834+00:00,nan,linkedin,internship,,,0.2,new
fff460a19cd1bd87,Outsourcing & Third Party Risk Manager (m/w/d),Societe Generale,"Hamburg, Hamburg, Germany",https://www.linkedin.com/jobs/view/4454022996,nan,2026-08-14T08:36:16.298841+00:00,nan,linkedin,internship,,,0.2,new
2b2893ffa3419746,Intern or thesis student – Procurement [m/f/x],Hilti Group,"Schaan, LI, CH",https://ch.indeed.com/viewjob?jk=9359be4ad048bdae,2026-08-12,2026-08-14T08:36:16.298850+00:00,"* Schaan, Schaan, Liechtenstein
* Procurement
* Students
* 20026


  
**Resilience Built. Risk Contained**
------------------------------------


As an intern in our procurement team for the Business Unit Anchors, based in Schaan, Liechtenstein, you will be closely involved in development projects, ",indeed,internship,,,0.2,new
7d922c52e762adf2,Chef de partie (m/w/divers) mit Patisserie Erfahrung,Swiss International Air Lines,"Kloten, ZH, CH",https://ch.indeed.com/viewjob?jk=33187162f3973f0b,2026-08-12,2026-08-14T08:36:16.298857+00:00,"* Location
Zürich/Kloten
* Employment level
University internship
* Function
Other
* Working time
Full\-time or part\-time
* Salary
CHF 2,500\.\- gross per month for Bachelor and Advanced Federal Diploma of Higher Education students or graduates / CHF 3,000\.\- gross per month for Master students or",indeed,internship,,,0.2,new
5a95dfc362cace59,Flight Physician,Decypher,"Ramstein-Miesenbach, RP, DE",https://de.indeed.com/viewjob?jk=1298279e2585f1f5,2026-08-13,2026-08-14T08:36:16.298864+00:00,"Join Decypher and make a direct impact on the health and readiness of America’s service members, veterans, and their families. Since 2008 Decypher has offered healthcare industry professionals careers where their expertise is valued, and their work makes a meaningful impact. Decypher partners with t",indeed,internship,,,0.2,new
f0d321ef2a30b522,Internship in Project Management Support - Bosch Diagnostics Solutions Framework,Bosch,"Stuttgart, BW, DE",https://de.indeed.com/viewjob?jk=f7bdf1631e5d432a,2026-08-12,2026-08-14T08:36:16.298871+00:00,"**Aufgaben**
------------

* During your internship, you will gain practical experience in the exciting world of Bosch diagnostics, working on hardware and software projects for the aftermarket segment.
* You will assist in the preparation and updating of key project deliverables, such as charters, ",indeed,internship,,,0.2,new
f56b0a02f9e81e68,Internship in Project Management Support - Bosch Diagnostics Solutions Framework,Bosch,"Plochingen, BW, DE",https://de.indeed.com/viewjob?jk=8ef2df3489c7105f,2026-08-12,2026-08-14T08:36:16.298877+00:00,"**Company Description** **At Bosch, we shape the future by inventing high\-quality technologies and services that spark enthusiasm and enrich people’s lives. Our promise to our associates is rock\-solid: we grow together, we enjoy our work, and we inspire each other.** **Join in and feel the differe",indeed,internship,,,0.2,new
50788f7682b3f2b7,Intern (m/f/d) in the „International Initiative for the Phase-Out of SF6 in the Power Sector“,Deutsche Gesellschaft für Internationale Zusammenarbeit (GIZ) GmbH,"Bonn, NW, DE",https://de.indeed.com/viewjob?jk=771c3a41e163b272,2026-08-12,2026-08-14T08:36:16.298886+00:00,"Bookmark jobadShare jobad

Our model for success is a better life for everyone and purposeful tasks for our employees. For more than 50 years, the Deutsche Gesellschaft für Internationale Zusammenarbeit (GIZ), as a company of the German Federal Government, has been supporting the implementation of d",indeed,internship,,,0.2,new
c6992f623ebb5af8,Risikocontroller*in (m/w/d),Hanseatic Bank GmbH & Co KG,"Hamburg, Hamburg, Germany",https://www.linkedin.com/jobs/view/4427345638,2026-08-12,2026-08-14T08:36:16.298894+00:00,nan,linkedin,internship,,,0.2,new
f98874a0ed41769b,Risikomanager RWA-Rechenkern Experte (w/m/d),Volkswagen Financial Services,"Brunswick, Lower Saxony, Germany",https://www.linkedin.com/jobs/view/4443791494,2026-08-12,2026-08-14T08:36:16.298901+00:00,nan,linkedin,internship,,,0.2,new
1fe921c020354c4e,Werkstudent Risikomanagement (m/w/d),Haspa | Hamburger Sparkasse,"Hamburg, Hamburg, Germany",https://www.linkedin.com/jobs/view/4443796905,2026-08-12,2026-08-14T08:36:16.298907+00:00,nan,linkedin,internship,,,0.2,new
82e87d81b26d9746,Risk Analyst B2B (m/f/d),Riverty,"Berlin, Germany",https://www.linkedin.com/jobs/view/4453087450,2026-08-12,2026-08-14T08:36:16.298913+00:00,nan,linkedin,internship,,,0.2,new
cdae39c3a5ddddbe,Risikomanager (m/w/d),Quantum Immobilien AG,"Hamburg, Germany",https://www.linkedin.com/jobs/view/4454026645,nan,2026-08-14T08:36:16.298922+00:00,nan,linkedin,internship,,,0.2,new
